whisper,rocket,elephant,island,notebook,quilt,utopia,mango,quilt,labyrinth,yawning,whale,mango,xenon,koala,jungle,utopia,queen,labyrinth,kangaroo,zenith,notebook,yogurt,xylophone,puzzle,elephant,yogurt,engine,apple,symphony,whale,kangaroo,whale,ice,quasar,globe,jigsaw,engine,nebula,zenith,utopia,nectar,waterfall,flower,onyx,apple,zebra,labyrinth,bubble,cactus,yawning,quilt,quilt,notebook,rainbow,utopia,symphony,harbor,quilt,globe,house,violin,zebra,yacht,cloud,xenon,apple,flower,mango,almond,onyx,island,harbor,guitar,notebook,quilt,sun,waterfall,cloud,unicorn,bubble,emerald,radiance,queen,queen,ant,nectar,lemon,house,guitar,zenith,whale,kite,ice,notebook,labyrinth,whale,puzzle,guitar,horizon
island,labyrinth,zenith,koala,unicorn,harbor,ocean,yogurt,apple,yacht,jigsaw,almond,apple,queen,sapphire,xenon,quasar,mango,quilt,nectar,ice,sun,quilt,ice,globe,guitar,globe,whale,flower,volcano,waterfall,umbrella,zenith,globe,cloud,ant,symphony,bubble,ocean,nebula,radiance,sun,cloud,radiance,rocket,banana,puzzle,zebra,bubble,nebula,onyx,cloud,bridge,yogurt,banana,horizon,whisper,puzzle,rocket,xylophone,rocket,yogurt,nebula,almond,forest,almond,whale,cactus,violin,bubble,sun,harbor,forest,onyx,globe,twilight,emerald,voyage,bubble,violin,zenith,xylophone,puzzle,rocket,volcano,jigsaw,emerald,quilt,nebula,nebula,flower,symphony,zeppelin,cactus,x-ray,symphony,quilt,yogurt,dog,almond
emerald,almond,nebula,kangaroo,banana,mountain,harbor,waterfall,cloud,onyx,ant,island,almond,ice,radiance,waterfall,nectar,zebra,labyrinth,lemon,emerald,waterfall,yogurt,notebook,horizon,radiance,pencil,kangaroo,whale,horizon,island,whisper,ant,twilight,rainbow,kite,apple,notebook,cloud,almond,guitar,flower,dance,emerald,zenith,yawning,ocean,volcano,queen,sapphire,voyage,whale,harbor,voyage,sapphire,mango,cloud,quilt,waterfall,illusion,illusion,telescope,lantern,lemon,quilt,symphony,quasar,cherry,yacht,tree,ocean,sapphire,x-ray,almond,sun,ant,ant,feather,globe,jigsaw,cactus,jungle,queen,ocean,guitar,notebook,ant,umbrella,guitar,whisper,dance,parrot,ice,banana,ant,mango,onyx,utopia,almond,xenon
whisper,cherry,xenon,telescope,mango,nebula,whale,banana,whale,labyrinth,rocket,xylophone,bubble,zebra,labyrinth,ant,sun,rocket,zenith,rocket,unicorn,cactus,queen,flower,guitar,apple,house,bubble,engine,guitar,feather,xenon,ant,waterfall,symphony,dog,illusion,horizon,nebula,rocket,onyx,onyx,house,globe,voyage,dog,meadow,lantern,violin,cloud,yacht,waterfall,quasar,whale,guitar,harbor,guitar,umbrella,whale,mango,harbor,cactus,horizon,cactus,globe,forest,koala,queen,notebook,apple,yogurt,waterfall,radiance,almond,yacht,quasar,yacht,orchestra,yogurt,kangaroo,globe,volcano,rocket,symphony,mountain,labyrinth,flower,tree,ant,voyage,bridge,bridge,quilt,engine,lantern,harbor,queen,rainbow,yacht,unicorn
onyx,kite,zeppelin,almond,quilt,house,rocket,x-ray,forest,queen,rocket,x-ray,zeppelin,volcano,queen,bridge,koala,mango,ant,notebook,cactus,zenith,unicorn,waterfall,quilt,apple,globe,volcano,guitar,cactus,mango,dog,kite,whisper,kangaroo,xenon,violin,yogurt,emerald,queen,bubble,banana,illusion,sapphire,unicorn,quilt,jigsaw,nectar,umbrella,violin,labyrinth,telescope,cherry,yacht,apple,yacht,sun,voyage,yacht,notebook,whisper,ice,globe,sapphire,forest,voyage,unicorn,flower,mountain,onyx,guitar,twilight,labyrinth,flower,waterfall,umbrella,pencil,elephant,violin,engine,ocean,xylophone,tree,waterfall,lemon,yacht,harbor,pencil,sun,orchestra,dog,onyx,umbrella,harbor,telescope,utopia,volcano,parrot,kangaroo,rainbow
quasar,yacht,zenith,banana,waterfall,koala,whisper,violin,globe,almond,apple,xenon,nectar,zebra,labyrinth,rocket,koala,puzzle,queen,jungle,elephant,whale,onyx,quasar,x-ray,labyrinth,voyage,sun,violin,island,puzzle,xylophone,cloud,dog,kangaroo,jigsaw,quasar,pencil,rocket,flower,cactus,zebra,umbrella,almond,globe,zenith,bridge,bubble,violin,globe,flower,zeppelin,notebook,notebook,onyx,volcano,quilt,rocket,nebula,jungle,x-ray,umbrella,ant,banana,engine,flower,forest,emerald,illusion,waterfall,jasmine,koala,sapphire,mango,ice,almond,utopia,galaxy,forest,bubble,yawning,umbrella,twilight,onyx,almond,yacht,sapphire,puzzle,pencil,lantern,whale,voyage,notebook,sun,symphony,feather,illusion,bridge,whale,pencil
guitar,galaxy,mango,zeppelin,horizon,labyrinth,lantern,onyx,ocean,voyage,kite,x-ray,quilt,dance,bubble,radiance,lemon,cactus,yacht,zeppelin,xenon,bridge,waterfall,bubble,kite,engine,jasmine,onyx,quilt,parrot,banana,almond,lemon,whisper,yogurt,notebook,kangaroo,cactus,yacht,banana,yawning,engine,queen,kite,koala,radiance,labyrinth,rocket,xenon,galaxy,harbor,lantern,galaxy,onyx,yogurt,harbor,unicorn,waterfall,ice,ant,cactus,orchestra,koala,yawning,cloud,xenon,xylophone,umbrella,almond,nectar,nebula,engine,zebra,zebra,guitar,puzzle,yogurt,labyrinth,queen,nebula,whale,banana,yacht,meadow,lemon,yawning,waterfall,bubble,quilt,cactus,ant,almond,yogurt,mango,queen,mountain,whisper,queen,almond,unicorn
zenith,harbor,jungle,nebula,emerald,engine,rocket,ant,flower,notebook,dolphin,emerald,xylophone,cactus,radiance,almond,cactus,kite,queen,puzzle,cloud,illusion,labyrinth,twilight,yawning,elephant,twilight,nebula,ocean,ocean,globe,ant,utopia,zeppelin,zenith,mountain,yogurt,apple,whisper,tree,harbor,volcano,yawning,tree,telescope,bubble,harbor,bridge,forest,engine,house,emerald,bubble,onyx,pencil,whisper,labyrinth,emerald,apple,waterfall,mango,parrot,ant,sapphire,cloud,kangaroo,rainbow,ant,labyrinth,globe,xenon,koala,quilt,voyage,rocket,globe,queen,tree,feather,nebula,rocket,horizon,waterfall,almond,tree,zebra,kite,whisper,symphony,symphony,rocket,x-ray,ocean,horizon,emerald,almond,feather,unicorn,kite,apple
orchestra,x-ray,violin,koala,zeppelin,parrot,koala,onyx,tree,quasar,elephant,nebula,mango,sapphire,twilight,ice,kangaroo,harbor,xenon,zeppelin,koala,kangaroo,kite,almond,symphony,x-ray,guitar,kite,bubble,kite,volcano,meadow,umbrella,parrot,guitar,nectar,waterfall,emerald,forest,illusion,waterfall,cloud,nectar,yacht,xylophone,galaxy,feather,sapphire,globe,feather,bubble,zebra,dog,quilt,dance,whale,nectar,rocket,quilt,quasar,xenon,koala,nebula,quilt,nectar,guitar,quasar,koala,onyx,waterfall,quilt,labyrinth,waterfall,mountain,lemon,utopia,quilt,parrot,unicorn,onyx,bubble,ant,bridge,guitar,xenon,nectar,rocket,whale,engine,notebook,parrot,horizon,quasar,almond,unicorn,house,jungle,cloud,harbor,almond
bubble,galaxy,radiance,apple,notebook,horizon,sun,xylophone,koala,engine,queen,onyx,globe,lemon,kangaroo,mango,galaxy,emerald,xenon,guitar,yacht,lemon,x-ray,nebula,mango,violin,zebra,volcano,ocean,quasar,flower,ant,telescope,bridge,banana,quilt,jasmine,quasar,ice,cherry,rocket,ocean,notebook,lantern,koala,guitar,forest,umbrella,voyage,emerald,whisper,queen,labyrinth,bubble,sapphire,lemon,ice,emerald,whale,umbrella,notebook,puzzle,nectar,dance,notebook,radiance,voyage,ant,jigsaw,illusion,whale,zenith,cherry,horizon,orchestra,bubble,banana,zenith,telescope,emerald,zenith,yacht,nebula,puzzle,unicorn,engine,emerald,sun,pencil,cactus,onyx,symphony,xylophone,guitar,waterfall,banana,globe,bridge,quilt,flower
xylophone,harbor,guitar,cloud,puzzle,globe,ocean,lantern,almond,meadow,ant,whale,volcano,waterfall,violin,voyage,zenith,quasar,ocean,feather,labyrinth,nebula,nebula,utopia,banana,puzzle,galaxy,nectar,ant,unicorn,flower,bridge,xylophone,quilt,quasar,globe,cactus,zeppelin,onyx,violin,apple,mango,kangaroo,guitar,puzzle,xylophone,feather,mango,waterfall,yacht,notebook,nebula,yacht,harbor,umbrella,xylophone,house,engine,unicorn,quasar,symphony,lantern,ice,ice,rocket,bridge,cloud,utopia,whale,ice,xenon,engine,galaxy,xenon,flower,rocket,queen,almond,violin,mountain,ant,almond,feather,emerald,violin,quasar,xenon,rocket,mango,nectar,violin,island,harbor,globe,house,bridge,unicorn,labyrinth,yogurt,globe
ant,engine,violin,island,flower,notebook,island,ice,galaxy,harbor,galaxy,zeppelin,quasar,ant,jigsaw,zenith,kite,voyage,kangaroo,bridge,horizon,whale,guitar,sapphire,puzzle,onyx,waterfall,volcano,quasar,whisper,horizon,cactus,rocket,volcano,ice,waterfall,unicorn,zenith,onyx,telescope,quasar,waterfall,umbrella,mountain,waterfall,almond,harbor,twilight,guitar,rainbow,ant,horizon,waterfall,waterfall,waterfall,volcano,waterfall,rocket,sun,zeppelin,rocket,apple,guitar,labyrinth,engine,labyrinth,almond,dog,guitar,symphony,labyrinth,yacht,banana,cherry,whale,cherry,violin,galaxy,x-ray,feather,lemon,koala,mountain,harbor,parrot,rocket,whale,whisper,almond,labyrinth,puzzle,xenon,mango,house,sapphire,radiance,dog,dog,galaxy,queen
banana,mango,whisper,x-ray,waterfall,house,zenith,almond,parrot,banana,mango,lemon,xenon,almond,jigsaw,zenith,mango,quilt,meadow,apple,tree,feather,feather,labyrinth,whale,symphony,dog,yogurt,cactus,almond,lantern,cactus,volcano,x-ray,forest,mountain,apple,almond,island,apple,guitar,waterfall,apple,cloud,zenith,jungle,onyx,ice,mango,volcano,island,feather,parrot,zebra,yacht,puzzle,parrot,rocket,almond,harbor,emerald,dog,rainbow,bubble,almond,zebra,horizon,whale,labyrinth,symphony,flower,whale,horizon,lantern,ice,zeppelin,queen,sun,yawning,guitar,illusion,x-ray,guitar,sapphire,ant,flower,island,cactus,emerald,bridge,horizon,cloud,orchestra,violin,xylophone,notebook,umbrella,zebra,xenon,symphony
house,xenon,zebra,x-ray,yacht,symphony,ant,yacht,quasar,zeppelin,xylophone,apple,globe,yogurt,zeppelin,yawning,umbrella,onyx,banana,galaxy,yacht,yawning,ice,queen,harbor,koala,quilt,galaxy,quilt,rainbow,ice,cloud,waterfall,jigsaw,horizon,mountain,unicorn,dog,ocean,mango,ocean,symphony,meadow,umbrella,engine,cactus,yawning,zenith,symphony,utopia,onyx,onyx,quilt,utopia,kite,nebula,quasar,cloud,harbor,globe,galaxy,sun,puzzle,jigsaw,banana,zenith,quasar,yacht,volcano,twilight,globe,flower,banana,banana,galaxy,apple,whisper,notebook,waterfall,dog,dog,lemon,umbrella,umbrella,whisper,galaxy,ocean,bridge,labyrinth,ice,lemon,banana,island,yogurt,quasar,bubble,quasar,whisper,dog,cherry
whale,quasar,globe,twilight,whale,dog,telescope,kite,mango,kite,cherry,radiance,yawning,globe,labyrinth,bubble,waterfall,zenith,symphony,waterfall,onyx,mountain,yawning,queen,quilt,yogurt,koala,whale,yacht,notebook,tree,quilt,illusion,jasmine,xenon,xylophone,apple,rocket,sun,illusion,lemon,lemon,kangaroo,telescope,quasar,xenon,voyage,emerald,yogurt,banana,onyx,dance,violin,xenon,xenon,violin,emerald,cherry,zeppelin,apple,forest,lemon,labyrinth,almond,galaxy,globe,guitar,zeppelin,flower,jasmine,illusion,almond,xenon,xenon,sun,engine,xylophone,guitar,mango,ice,quasar,unicorn,yogurt,yacht,yogurt,pencil,island,dog,ice,dog,harbor,flower,cherry,pencil,jigsaw,unicorn,voyage,sapphire,yacht,umbrella
quilt,telescope,almond,jigsaw,mango,telescope,feather,ant,illusion,queen,symphony,unicorn,emerald,almond,harbor,zenith,quilt,waterfall,whale,flower,ocean,voyage,radiance,ant,mango,ocean,sun,flower,puzzle,nectar,ant,quasar,feather,quilt,telescope,apple,bubble,flower,jigsaw,voyage,yawning,horizon,quilt,zeppelin,dog,quasar,ant,ant,mountain,quasar,cloud,labyrinth,labyrinth,emerald,horizon,ice,globe,umbrella,whisper,waterfall,parrot,harbor,whale,cherry,voyage,yacht,flower,quasar,labyrinth,globe,bubble,island,queen,waterfall,onyx,nectar,waterfall,guitar,ice,rainbow,notebook,jigsaw,zenith,zeppelin,parrot,guitar,island,sun,whisper,harbor,sun,dolphin,voyage,engine,guitar,ocean,harbor,island,x-ray,waterfall
yacht,sun,banana,puzzle,dog,lantern,voyage,ocean,volcano,quilt,harbor,xylophone,cactus,quasar,whisper,harbor,xylophone,onyx,labyrinth,twilight,symphony,twilight,engine,banana,radiance,puzzle,mango,zenith,quilt,queen,cactus,sun,dog,zenith,yawning,pencil,puzzle,yacht,zenith,ant,yogurt,banana,banana,rocket,flower,twilight,labyrinth,banana,cactus,waterfall,guitar,whale,rainbow,yacht,bubble,onyx,utopia,symphony,almond,zeppelin,galaxy,kangaroo,mountain,notebook,xylophone,kangaroo,twilight,engine,umbrella,umbrella,feather,puzzle,whale,feather,mango,ice,yawning,mango,lemon,ant,ant,parrot,yogurt,queen,notebook,waterfall,yawning,bubble,almond,notebook,galaxy,almond,unicorn,almond,bubble,nectar,engine,banana,xenon,xylophone
voyage,koala,koala,island,yawning,nectar,voyage,nebula,engine,banana,queen,quilt,dog,almond,rainbow,labyrinth,whisper,globe,pencil,volcano,symphony,umbrella,whale,guitar,apple,violin,xenon,unicorn,tree,rocket,quilt,ocean,island,sapphire,umbrella,dog,sun,volcano,labyrinth,rocket,notebook,waterfall,quasar,harbor,quilt,x-ray,zeppelin,xylophone,feather,rocket,jasmine,ice,globe,xylophone,labyrinth,banana,yawning,elephant,umbrella,sun,koala,waterfall,yacht,zeppelin,dog,almond,cactus,jigsaw,mango,cloud,dog,rainbow,apple,almond,waterfall,unicorn,horizon,banana,horizon,sun,zenith,horizon,onyx,nectar,tree,cactus,violin,bubble,guitar,galaxy,lemon,harbor,rocket,waterfall,nebula,engine,zebra,bridge,umbrella,xenon
globe,yacht,rocket,flower,whale,mango,queen,unicorn,flower,zeppelin,apple,pencil,yogurt,labyrinth,x-ray,orchestra,yacht,labyrinth,ocean,xenon,bridge,kite,feather,almond,guitar,almond,cactus,radiance,meadow,cloud,voyage,apple,emerald,bridge,zebra,quasar,labyrinth,labyrinth,rainbow,ant,sapphire,rocket,harbor,cloud,emerald,violin,ocean,unicorn,rocket,whisper,yogurt,mountain,quasar,queen,guitar,zebra,symphony,sun,ant,zenith,voyage,pencil,kangaroo,whale,kangaroo,sapphire,quasar,puzzle,rainbow,nectar,tree,dance,zebra,harbor,illusion,twilight,ant,zeppelin,mountain,zenith,mango,ocean,cactus,yawning,ant,whisper,mango,bubble,ice,onyx,engine,quilt,violin,lemon,umbrella,galaxy,feather,radiance,zebra,puzzle
xylophone,yogurt,whale,ant,almond,globe,zeppelin,quasar,xenon,banana,globe,symphony,xenon,ant,telescope,emerald,labyrinth,flower,symphony,engine,lemon,cherry,koala,emerald,waterfall,violin,bubble,quasar,banana,voyage,parrot,nebula,kangaroo,violin,globe,x-ray,symphony,whisper,guitar,violin,xylophone,waterfall,puzzle,bubble,globe,bubble,puzzle,violin,bubble,yacht,puzzle,galaxy,twilight,yacht,whale,telescope,almond,dog,mango,banana,zenith,harbor,utopia,notebook,utopia,jigsaw,rocket,symphony,tree,koala,rainbow,yogurt,xenon,dance,onyx,meadow,cloud,queen,mango,violin,mango,quasar,banana,voyage,unicorn,quilt,volcano,mango,tree,forest,zenith,zebra,koala,zeppelin,umbrella,onyx,onyx,meadow,mango,kite
twilight,tree,zenith,engine,onyx,volcano,almond,waterfall,horizon,lemon,nectar,umbrella,mountain,galaxy,galaxy,banana,violin,zeppelin,waterfall,yawning,galaxy,dog,yogurt,nebula,nebula,onyx,yacht,umbrella,illusion,sapphire,symphony,queen,sapphire,dog,zebra,puzzle,feather,almond,kite,engine,horizon,globe,umbrella,whisper,ocean,quasar,parrot,cactus,quilt,labyrinth,koala,mango,dog,kite,orchestra,zenith,dog,bubble,labyrinth,nectar,mountain,sapphire,cactus,quasar,whisper,cactus,radiance,harbor,onyx,kangaroo,ice,onyx,emerald,yogurt,bubble,unicorn,telescope,feather,harbor,whale,labyrinth,dance,flower,mango,sapphire,ant,apple,banana,zeppelin,voyage,twilight,ice,twilight,quilt,zeppelin,waterfall,dance,onyx,house,umbrella
labyrinth,nectar,labyrinth,lemon,nebula,notebook,symphony,koala,mango,globe,yogurt,cloud,feather,unicorn,queen,globe,symphony,harbor,zeppelin,galaxy,kangaroo,bubble,jigsaw,xylophone,waterfall,nebula,illusion,ant,zenith,yacht,voyage,quilt,ant,globe,onyx,zeppelin,ocean,cactus,yacht,dog,unicorn,cactus,parrot,forest,quilt,xenon,queen,symphony,mountain,jigsaw,telescope,queen,globe,flower,galaxy,cactus,illusion,galaxy,dog,yawning,horizon,symphony,labyrinth,jigsaw,jungle,koala,yawning,labyrinth,banana,horizon,waterfall,puzzle,whale,quilt,rocket,yogurt,horizon,lemon,almond,ant,yogurt,xenon,puzzle,parrot,banana,lemon,nectar,volcano,cactus,guitar,globe,Token Issuance,xylophone,jigsaw,quilt,volcano,whisper,symphony,queen,quasar
x-ray,yogurt,cloud,labyrinth,ocean,whisper,yogurt,umbrella,globe,dog,feather,horizon,harbor,xenon,sun,violin,horizon,unicorn,koala,mango,xenon,rocket,yogurt,nebula,whale,koala,feather,puzzle,puzzle,emerald,engine,ocean,guitar,rainbow,cloud,nectar,apple,quilt,kite,mango,mango,island,violin,yawning,queen,symphony,puzzle,volcano,bridge,koala,ocean,volcano,bubble,notebook,engine,voyage,twilight,voyage,jigsaw,apple,ant,waterfall,sun,xylophone,volcano,jungle,xylophone,ice,xenon,illusion,flower,ant,nebula,mango,sun,orchestra,pencil,yacht,unicorn,parrot,twilight,yogurt,volcano,guitar,x-ray,pencil,lemon,onyx,onyx,dance,apple,quasar,xenon,Yield Farming,telescope,globe,dog,globe,unicorn,tree
kite,twilight,telescope,puzzle,labyrinth,dog,notebook,xylophone,xenon,engine,zebra,nectar,voyage,tree,guitar,jigsaw,dog,yacht,quilt,violin,dog,koala,sun,nebula,queen,zebra,cloud,dance,xylophone,ocean,koala,sun,harbor,twilight,volcano,bubble,quasar,queen,xylophone,bridge,quilt,symphony,cloud,globe,mango,flower,unicorn,whisper,koala,galaxy,sun,feather,feather,onyx,parrot,cherry,jasmine,radiance,zebra,whale,almond,quasar,ant,banana,flower,kite,bridge,onyx,lemon,guitar,apple,rainbow,bridge,nectar,quilt,notebook,onyx,meadow,zenith,ice,x-ray,kite,rocket,guitar,galaxy,puzzle,feather,lantern,ocean,quasar,queen,koala,sapphire,waterfall,zeppelin,sapphire,almond,galaxy,xylophone,symphony
parrot,parrot,globe,horizon,dog,volcano,cherry,volcano,utopia,house,orchestra,emerald,yogurt,ant,quilt,yacht,onyx,unicorn,xenon,radiance,guitar,harbor,bridge,ocean,galaxy,yawning,koala,yogurt,yogurt,puzzle,yacht,mountain,sun,ice,kite,flower,rocket,unicorn,almond,xylophone,banana,engine,bubble,banana,quilt,tree,jungle,cloud,jasmine,jasmine,waterfall,queen,cactus,zenith,unicorn,yacht,lantern,mountain,rocket,ant,xylophone,onyx,tree,apple,parrot,ocean,island,zenith,galaxy,apple,violin,notebook,whisper,violin,nebula,rainbow,koala,onyx,twilight,sun,puzzle,meadow,x-ray,ocean,mango,guitar,dog,house,labyrinth,illusion,whale,lantern,nectar,forest,waterfall,ocean,labyrinth,almond,almond,mango
mango,cherry,rocket,emerald,yogurt,nectar,quilt,meadow,apple,galaxy,parrot,zebra,globe,ice,symphony,mango,galaxy,emerald,feather,parrot,rocket,dog,xenon,nebula,bridge,tree,koala,whale,lantern,mango,globe,yacht,symphony,voyage,mango,zeppelin,ant,ocean,dolphin,mango,harbor,utopia,dance,island,quasar,labyrinth,kite,zenith,zenith,queen,ant,mango,waterfall,banana,radiance,orchestra,bubble,ant,orchestra,bridge,onyx,flower,zenith,koala,x-ray,waterfall,yawning,pencil,dog,umbrella,zeppelin,whisper,koala,kite,quilt,bubble,symphony,whisper,zenith,nebula,sapphire,notebook,kangaroo,engine,waterfall,bubble,queen,mango,quasar,volcano,cherry,ice,umbrella,horizon,rocket,quasar,horizon,harbor,almond,pencil
unicorn,jasmine,quasar,rocket,galaxy,onyx,apple,volcano,quasar,nectar,mango,koala,engine,zeppelin,whisper,rocket,jigsaw,zebra,mango,flower,parrot,meadow,harbor,tree,volcano,dance,voyage,bubble,globe,puzzle,flower,horizon,house,globe,koala,radiance,mountain,quilt,pencil,almond,harbor,violin,violin,whale,kangaroo,emerald,violin,lantern,yacht,labyrinth,apple,whale,meadow,quilt,flower,violin,quilt,waterfall,radiance,dog,almond,xylophone,koala,nebula,bubble,guitar,cherry,quilt,ant,emerald,telescope,koala,feather,harbor,house,house,labyrinth,island,umbrella,cactus,zenith,globe,quasar,kangaroo,notebook,bubble,symphony,parrot,emerald,kangaroo,kangaroo,utopia,nectar,kangaroo,volcano,horizon,bridge,radiance,cherry,puzzle
dog,yogurt,xylophone,bridge,lantern,waterfall,unicorn,volcano,onyx,twilight,quilt,yogurt,bubble,mountain,puzzle,zebra,almond,sun,almond,harbor,almond,twilight,kite,cactus,mountain,rocket,pencil,koala,almond,tree,notebook,ant,twilight,rocket,apple,almond,guitar,nectar,kangaroo,sapphire,whisper,ice,almond,onyx,telescope,yogurt,quilt,bubble,onyx,volcano,forest,mango,xylophone,quilt,nebula,whisper,labyrinth,nebula,almond,globe,twilight,apple,zeppelin,galaxy,nebula,galaxy,zenith,tree,jungle,telescope,voyage,sun,violin,onyx,guitar,koala,globe,illusion,twilight,sun,meadow,whisper,globe,meadow,harbor,apple,guitar,ice,symphony,house,sun,notebook,forest,nectar,harbor,harbor,bridge,yogurt,radiance,puzzle
cherry,house,horizon,quasar,almond,onyx,meadow,yogurt,sun,zenith,bridge,ice,dance,almond,cactus,banana,tree,radiance,violin,island,jungle,symphony,yawning,zenith,ant,cherry,globe,puzzle,pencil,harbor,mountain,engine,lantern,onyx,violin,volcano,xenon,horizon,ant,feather,cloud,radiance,guitar,quilt,sun,jigsaw,twilight,harbor,mango,whale,dog,unicorn,lantern,violin,queen,waterfall,unicorn,rocket,pencil,illusion,waterfall,bridge,almond,kite,orchestra,telescope,banana,whale,pencil,kite,xylophone,zebra,notebook,guitar,horizon,emerald,globe,harbor,koala,almond,queen,apple,dog,emerald,mountain,banana,mango,bubble,whale,mountain,cactus,waterfall,ice,cloud,mango,house,zenith,mango,whale,xenon
queen,nebula,ant,feather,xenon,sun,engine,labyrinth,symphony,koala,yacht,banana,quilt,emerald,ant,banana,queen,kite,lemon,feather,volcano,puzzle,bubble,almond,guitar,yogurt,symphony,mountain,puzzle,jigsaw,horizon,bubble,quilt,globe,bubble,yogurt,x-ray,horizon,radiance,radiance,zenith,guitar,ant,parrot,quasar,puzzle,apple,jungle,pencil,mango,xenon,unicorn,elephant,engine,lantern,banana,tree,onyx,puzzle,dog,yogurt,jungle,apple,apple,waterfall,quilt,quilt,flower,whale,quilt,meadow,cherry,ocean,rocket,guitar,symphony,kangaroo,umbrella,lantern,xenon,yawning,labyrinth,globe,unicorn,globe,bridge,umbrella,xylophone,jigsaw,volcano,ocean,rocket,island,rainbow,parrot,sapphire,whale,dance,guitar,ice
quasar,xenon,harbor,almond,orchestra,violin,voyage,waterfall,telescope,kite,feather,x-ray,yawning,dance,radiance,globe,engine,quasar,galaxy,violin,notebook,zebra,almond,lantern,feather,banana,ice,xenon,umbrella,quasar,sapphire,labyrinth,zebra,umbrella,ocean,apple,onyx,xenon,yogurt,harbor,sapphire,notebook,horizon,island,globe,kangaroo,illusion,dance,volcano,xenon,kite,meadow,zebra,dance,zeppelin,sun,volcano,labyrinth,zenith,queen,globe,rocket,feather,waterfall,flower,quilt,mango,quasar,voyage,zeppelin,xenon,yogurt,almond,whale,bubble,radiance,nectar,dog,onyx,guitar,zenith,yogurt,guitar,orchestra,voyage,ant,mountain,onyx,violin,xenon,bubble,quasar,zenith,zeppelin,lemon,apple,illusion,utopia,bridge,sapphire
mountain,globe,globe,nectar,twilight,kite,onyx,guitar,kite,umbrella,mango,globe,xenon,violin,zeppelin,nebula,quilt,queen,kite,dog,violin,labyrinth,zenith,bubble,whisper,quilt,unicorn,twilight,sun,harbor,labyrinth,banana,almond,apple,cactus,whisper,ice,umbrella,koala,ocean,mountain,mango,yogurt,xenon,horizon,cloud,sun,meadow,sun,banana,flower,whisper,quasar,bridge,unicorn,umbrella,mango,kangaroo,almond,globe,telescope,quasar,radiance,ant,mango,mango,sun,sun,whisper,whisper,mountain,quasar,mango,house,quilt,labyrinth,ant,nebula,ant,bubble,emerald,volcano,feather,apple,ice,xenon,quasar,quilt,x-ray,parrot,zebra,cloud,ocean,galaxy,yacht,notebook,whale,whale,waterfall,waterfall
waterfall,almond,flower,onyx,dog,waterfall,waterfall,lantern,koala,dance,bubble,yogurt,yawning,tree,ant,meadow,jigsaw,guitar,apple,nebula,harbor,twilight,twilight,waterfall,parrot,yogurt,kite,mountain,banana,yogurt,koala,labyrinth,globe,quilt,bubble,dog,feather,nectar,zeppelin,nebula,illusion,yogurt,ice,ice,umbrella,guitar,feather,symphony,almond,apple,ice,almond,zenith,yacht,globe,zeppelin,tree,whisper,unicorn,twilight,violin,twilight,globe,lantern,almond,quilt,ant,almond,x-ray,meadow,nebula,sun,jigsaw,ocean,xenon,lantern,meadow,almond,volcano,zebra,telescope,dance,lemon,feather,mango,onyx,quasar,quilt,ice,parrot,dance,island,sapphire,mountain,unicorn,guitar,unicorn,bubble,volcano,ice
waterfall,violin,yawning,notebook,illusion,ant,parrot,jungle,quasar,kangaroo,x-ray,whisper,mango,lemon,kite,telescope,cactus,ant,sun,unicorn,cherry,ant,kite,onyx,quilt,zebra,sun,whale,nectar,sapphire,tree,almond,waterfall,whisper,guitar,engine,queen,lemon,kite,zenith,symphony,puzzle,meadow,almond,whale,quasar,quasar,kangaroo,yogurt,lemon,dog,koala,twilight,whale,xenon,sapphire,whisper,globe,unicorn,apple,cactus,lemon,apple,voyage,dog,cactus,flower,zebra,engine,engine,zenith,radiance,zebra,whisper,zeppelin,yawning,galaxy,almond,cherry,queen,notebook,zeppelin,flower,symphony,yacht,xenon,dog,violin,unicorn,cactus,mountain,yawning,queen,feather,rocket,symphony,engine,rainbow,mango,ant
pencil,ant,voyage,radiance,globe,volcano,telescope,notebook,yawning,zenith,bubble,kite,volcano,quasar,yogurt,sapphire,ant,umbrella,harbor,meadow,bubble,almond,globe,whale,island,jungle,ocean,orchestra,symphony,kite,whale,globe,ocean,sun,island,queen,cloud,sun,ant,cactus,whisper,xenon,harbor,nectar,sapphire,volcano,yawning,rainbow,cactus,rainbow,quilt,whale,whale,waterfall,mango,labyrinth,violin,puzzle,notebook,guitar,kite,labyrinth,tree,ant,tree,umbrella,zenith,almond,emerald,almond,mango,orchestra,kite,zeppelin,nectar,violin,quilt,mountain,rocket,whisper,waterfall,guitar,sapphire,house,waterfall,nebula,nebula,symphony,nebula,guitar,voyage,voyage,symphony,island,whisper,dog,dog,kite,whisper,labyrinth
queen,waterfall,cherry,ice,koala,dog,lemon,orchestra,xenon,koala,meadow,almond,yogurt,feather,zeppelin,jigsaw,dog,kangaroo,illusion,violin,whisper,nectar,xenon,harbor,ice,quilt,bubble,mango,zeppelin,guitar,ice,rocket,rainbow,bridge,lemon,quilt,zebra,sapphire,nectar,whale,unicorn,notebook,xylophone,yogurt,cactus,yacht,rocket,zeppelin,harbor,dolphin,island,globe,quasar,quasar,banana,emerald,ant,bubble,voyage,quasar,zeppelin,apple,kite,rainbow,ant,whale,banana,bubble,labyrinth,symphony,guitar,cloud,flower,tree,banana,kite,radiance,sun,bridge,mango,quilt,house,xenon,apple,guitar,sun,symphony,symphony,dog,puzzle,guitar,engine,guitar,quasar,kangaroo,dog,labyrinth,waterfall,dog,unicorn
feather,bubble,mango,queen,volcano,puzzle,quilt,telescope,quilt,galaxy,cactus,ant,quilt,bubble,whisper,flower,waterfall,lantern,unicorn,ocean,cloud,jigsaw,xenon,queen,notebook,zeppelin,meadow,ant,ant,dolphin,quasar,zeppelin,labyrinth,nebula,waterfall,parrot,bubble,almond,twilight,x-ray,almond,waterfall,bubble,radiance,ant,xenon,meadow,tree,harbor,nebula,flower,yogurt,orchestra,radiance,guitar,kangaroo,yogurt,emerald,puzzle,house,radiance,koala,sapphire,nectar,zebra,house,mango,quilt,sun,notebook,puzzle,house,whale,utopia,bubble,parrot,notebook,radiance,ice,rocket,x-ray,labyrinth,island,nectar,apple,jigsaw,nectar,nectar,banana,bridge,zeppelin,quilt,globe,kite,bubble,ice,symphony,onyx,quilt,volcano
illusion,engine,harbor,cloud,zebra,kangaroo,nebula,nebula,harbor,forest,unicorn,almond,horizon,ice,yawning,mango,violin,volcano,onyx,zenith,volcano,twilight,tree,labyrinth,nectar,harbor,umbrella,bubble,galaxy,bubble,dog,kite,quilt,apple,quasar,parrot,xenon,labyrinth,lemon,emerald,mango,mango,zeppelin,whale,x-ray,almond,globe,forest,apple,almond,waterfall,forest,quasar,yogurt,globe,parrot,queen,unicorn,yacht,dog,sun,symphony,mango,umbrella,apple,labyrinth,notebook,voyage,symphony,yogurt,rocket,emerald,dog,voyage,x-ray,whale,zebra,umbrella,volcano,unicorn,nebula,volcano,mango,notebook,globe,lemon,dog,ant,cactus,quilt,emerald,elephant,apple,jigsaw,cherry,queen,queen,ant,zenith,engine
flower,mango,kite,waterfall,harbor,banana,kite,jasmine,galaxy,mango,dog,ant,kite,rocket,harbor,quilt,whale,jasmine,xylophone,zebra,onyx,puzzle,notebook,rainbow,voyage,violin,nectar,zenith,bridge,nectar,notebook,bridge,voyage,dog,umbrella,zebra,almond,radiance,zeppelin,engine,banana,zenith,violin,emerald,harbor,dog,ant,sun,pencil,ocean,waterfall,puzzle,twilight,xenon,twilight,quilt,banana,apple,zenith,waterfall,notebook,flower,banana,nebula,harbor,ant,whisper,notebook,unicorn,rocket,kite,waterfall,illusion,twilight,kangaroo,dance,telescope,umbrella,whale,globe,koala,rainbow,voyage,onyx,waterfall,cactus,zenith,rainbow,kangaroo,rainbow,rocket,nebula,galaxy,notebook,cherry,dog,zenith,umbrella,yogurt,symphony
yogurt,ant,ocean,sapphire,ant,xylophone,symphony,ice,quasar,whale,violin,kangaroo,ice,zeppelin,quasar,almond,umbrella,quasar,telescope,jungle,twilight,zenith,galaxy,mango,guitar,dog,kangaroo,ocean,mango,bridge,symphony,lemon,whale,apple,ant,twilight,yogurt,tree,notebook,apple,ant,tree,sun,ice,koala,almond,ice,globe,engine,kangaroo,rocket,dog,forest,zebra,forest,nectar,zebra,sun,xenon,cloud,ocean,guitar,quasar,xylophone,guitar,xylophone,mango,volcano,rocket,globe,yogurt,yacht,umbrella,dance,mango,koala,almond,banana,queen,kangaroo,banana,onyx,mango,cactus,globe,kangaroo,queen,pencil,cherry,rocket,jasmine,symphony,kite,ice,koala,apple,zenith,lemon,umbrella,emerald
rocket,galaxy,orchestra,bubble,koala,unicorn,yogurt,bubble,mango,dance,mango,cherry,unicorn,waterfall,almond,house,onyx,flower,jungle,banana,voyage,tree,ocean,apple,dog,waterfall,dance,voyage,cloud,onyx,waterfall,banana,cactus,symphony,whisper,violin,quasar,voyage,yacht,ice,nectar,harbor,mango,jungle,harbor,horizon,quasar,umbrella,waterfall,almond,kite,apple,labyrinth,queen,xenon,xylophone,rocket,illusion,zenith,harbor,labyrinth,ant,flower,island,zeppelin,cactus,volcano,lemon,apple,labyrinth,zenith,umbrella,rainbow,whale,dog,zeppelin,feather,umbrella,yogurt,kangaroo,nectar,pencil,notebook,nebula,apple,rocket,zeppelin,almond,emerald,onyx,puzzle,elephant,ant,feather,zenith,puzzle,mango,guitar,koala,almond
house,rocket,dog,guitar,kite,flower,sapphire,telescope,yogurt,ant,sun,quilt,tree,kangaroo,volcano,xenon,engine,umbrella,nebula,unicorn,apple,banana,labyrinth,zenith,banana,queen,yawning,tree,ocean,harbor,emerald,bubble,emerald,ocean,utopia,voyage,x-ray,labyrinth,flower,yacht,kangaroo,nebula,tree,quilt,sun,nebula,flower,emerald,bubble,feather,dance,notebook,zenith,unicorn,waterfall,almond,zebra,utopia,flower,cactus,almond,utopia,nectar,dog,quilt,puzzle,bubble,rainbow,koala,ocean,volcano,apple,radiance,pencil,harbor,yogurt,almond,cactus,x-ray,cloud,ice,symphony,voyage,tree,whisper,mountain,zeppelin,labyrinth,apple,sapphire,koala,nebula,pencil,jigsaw,banana,guitar,yacht,yacht,labyrinth,globe
symphony,ant,tree,guitar,engine,onyx,almond,guitar,xenon,violin,ocean,onyx,ant,unicorn,violin,emerald,parrot,bubble,guitar,quasar,queen,violin,umbrella,ant,radiance,mango,puzzle,violin,onyx,violin,symphony,illusion,xylophone,almond,puzzle,ice,bubble,lemon,quasar,apple,ice,pencil,almond,quasar,symphony,almond,xylophone,galaxy,emerald,parrot,koala,umbrella,mango,dog,bridge,yogurt,labyrinth,onyx,notebook,apple,flower,sapphire,onyx,violin,guitar,quasar,xylophone,ant,globe,volcano,twilight,dance,pencil,x-ray,apple,feather,waterfall,galaxy,kangaroo,kite,mango,apple,globe,almond,umbrella,voyage,house,xenon,kangaroo,zenith,zebra,ocean,almond,volcano,whale,quilt,queen,meadow,horizon,puzzle
island,guitar,unicorn,zenith,cloud,illusion,zenith,notebook,globe,nectar,meadow,rocket,guitar,flower,galaxy,orchestra,zeppelin,elephant,kangaroo,volcano,kite,kite,orchestra,house,zebra,koala,jigsaw,almond,unicorn,kite,yawning,umbrella,cactus,puzzle,labyrinth,yacht,galaxy,ant,cactus,puzzle,parrot,quilt,umbrella,horizon,symphony,bridge,cactus,ocean,nebula,whale,telescope,onyx,banana,orchestra,yogurt,mountain,volcano,rocket,cloud,ant,queen,ant,jungle,kangaroo,voyage,yogurt,ant,elephant,symphony,dog,kite,violin,harbor,mountain,galaxy,unicorn,zebra,violin,nectar,voyage,whale,rainbow,guitar,zebra,bubble,twilight,unicorn,telescope,zenith,harbor,nebula,symphony,zeppelin,umbrella,ocean,xylophone,rainbow,queen,engine,queen
globe,unicorn,x-ray,flower,quilt,symphony,quilt,sun,guitar,tree,symphony,sun,quilt,xenon,symphony,sapphire,quasar,almond,quasar,flower,quilt,globe,mango,almond,bubble,queen,rocket,mango,nebula,waterfall,whisper,mango,feather,globe,queen,yawning,whisper,zenith,umbrella,voyage,parrot,nectar,harbor,flower,apple,whale,sapphire,violin,yacht,flower,rainbow,xenon,volcano,xylophone,nebula,quasar,mango,sun,zebra,yacht,emerald,xylophone,globe,cactus,pencil,ant,zebra,x-ray,xenon,tree,xenon,pencil,ant,cactus,cactus,mango,queen,dog,kangaroo,mango,voyage,globe,dog,puzzle,harbor,xenon,yogurt,volcano,engine,ice,voyage,dog,labyrinth,globe,lemon,queen,emerald,sun,quasar,onyx
cactus,lemon,harbor,zeppelin,kite,illusion,ice,radiance,voyage,labyrinth,puzzle,tree,banana,globe,umbrella,forest,flower,globe,mango,twilight,orchestra,ocean,onyx,mango,radiance,kangaroo,zenith,engine,volcano,whisper,quasar,whisper,mango,zenith,banana,cherry,globe,feather,illusion,horizon,illusion,engine,waterfall,queen,apple,dog,volcano,xylophone,labyrinth,volcano,mango,symphony,labyrinth,almond,feather,ant,mountain,emerald,dog,kangaroo,banana,nebula,engine,horizon,umbrella,zeppelin,yogurt,bridge,jigsaw,almond,volcano,ant,harbor,harbor,sun,zeppelin,illusion,flower,galaxy,almond,engine,harbor,quilt,x-ray,bubble,symphony,rainbow,almond,guitar,kangaroo,ocean,xenon,jigsaw,flower,telescope,flower,kangaroo,zeppelin,quasar,guitar
rocket,emerald,radiance,meadow,nectar,yacht,symphony,lantern,onyx,cactus,mango,illusion,waterfall,telescope,ice,rainbow,sapphire,whale,kangaroo,illusion,telescope,quasar,whale,quilt,bridge,twilight,house,ice,tree,parrot,ice,yacht,symphony,whale,voyage,cactus,violin,cloud,cactus,rocket,pencil,almond,ant,kite,rocket,cactus,bridge,ant,mountain,whisper,almond,notebook,ice,zenith,utopia,notebook,utopia,unicorn,nebula,voyage,dog,utopia,puzzle,flower,ocean,mango,puzzle,puzzle,feather,zeppelin,waterfall,quilt,ant,notebook,quasar,emerald,symphony,symphony,kangaroo,labyrinth,cloud,mountain,guitar,quasar,harbor,waterfall,flower,nebula,sapphire,dog,jasmine,queen,almond,galaxy,twilight,banana,yacht,sapphire,mango,violin
zeppelin,voyage,labyrinth,mountain,bridge,sun,waterfall,twilight,symphony,mango,bubble,parrot,yacht,island,lemon,nebula,quilt,dance,ant,apple,bridge,x-ray,queen,cloud,island,sapphire,zebra,ocean,onyx,guitar,umbrella,globe,whale,waterfall,ocean,kite,volcano,guitar,kangaroo,lemon,house,parrot,cloud,quilt,xylophone,telescope,rocket,cloud,volcano,radiance,horizon,zebra,rocket,puzzle,galaxy,whale,xenon,xylophone,galaxy,parrot,emerald,rocket,waterfall,jungle,cloud,dog,forest,labyrinth,zebra,utopia,cherry,labyrinth,unicorn,violin,waterfall,ant,ant,symphony,cloud,dance,violin,puzzle,zenith,jungle,rainbow,bubble,feather,bubble,ocean,xylophone,dog,ocean,quilt,mango,rocket,waterfall,zebra,puzzle,galaxy,harbor
zenith,island,sun,x-ray,puzzle,mango,forest,nebula,mountain,volcano,lemon,voyage,jigsaw,xenon,quilt,xenon,zebra,forest,flower,zebra,meadow,dog,flower,flower,yawning,voyage,lemon,onyx,ocean,ocean,zenith,rocket,onyx,voyage,xylophone,lantern,koala,waterfall,zenith,xenon,zeppelin,radiance,horizon,zebra,flower,mango,zebra,feather,pencil,zeppelin,queen,mango,house,emerald,lemon,xenon,voyage,lantern,illusion,mango,apple,telescope,xenon,sun,twilight,nebula,ocean,volcano,nectar,sapphire,flower,ant,whale,symphony,dog,whisper,koala,ice,flower,lemon,feather,twilight,elephant,mango,onyx,bubble,island,flower,nebula,cloud,bubble,queen,ocean,kangaroo,lemon,queen,bridge,house,galaxy,kangaroo
jigsaw,feather,emerald,feather,rainbow,koala,nectar,labyrinth,queen,apple,twilight,ice,labyrinth,x-ray,lantern,mango,quilt,guitar,whale,dog,whale,kite,dog,waterfall,whale,ant,yawning,dog,cactus,quasar,cloud,guitar,horizon,yacht,unicorn,zebra,waterfall,queen,engine,zebra,mountain,flower,nebula,kite,tree,bubble,feather,yacht,island,house,dog,xylophone,jigsaw,violin,lemon,cactus,meadow,meadow,unicorn,flower,yacht,onyx,xylophone,voyage,flower,globe,mango,notebook,guitar,emerald,bubble,sun,ocean,waterfall,ant,notebook,bridge,emerald,globe,zenith,telescope,koala,horizon,umbrella,quasar,labyrinth,banana,ocean,meadow,banana,horizon,puzzle,umbrella,quasar,globe,waterfall,ice,zenith,volcano,lantern
sapphire,ant,harbor,elephant,lemon,rainbow,kite,quasar,sun,cactus,whale,ice,zeppelin,harbor,kite,apple,violin,illusion,notebook,ice,yacht,globe,guitar,x-ray,umbrella,kite,onyx,banana,zeppelin,volcano,lemon,illusion,quilt,yogurt,guitar,mango,flower,voyage,quilt,jigsaw,yogurt,xylophone,queen,unicorn,nectar,whisper,galaxy,ice,bridge,almond,ant,feather,cactus,almond,waterfall,cactus,unicorn,illusion,apple,voyage,zebra,bridge,kite,nectar,whale,nebula,Staking,sapphire,globe,yawning,cherry,twilight,radiance,rainbow,queen,quasar,quasar,dog,notebook,yawning,jigsaw,puzzle,forest,mango,unicorn,utopia,mountain,zebra,banana,ice,meadow,island,cactus,whale,symphony,bridge,harbor,parrot,guitar,engine
quasar,radiance,meadow,pencil,guitar,bridge,galaxy,lemon,telescope,labyrinth,parrot,quasar,sun,yacht,sapphire,volcano,unicorn,voyage,mountain,nebula,ice,flower,sapphire,ocean,voyage,flower,quilt,xylophone,zebra,cloud,bridge,volcano,ice,dog,ant,queen,cactus,banana,dog,ice,waterfall,illusion,dance,feather,volcano,nectar,ant,galaxy,guitar,kite,globe,quasar,waterfall,jasmine,waterfall,pencil,zebra,whisper,pencil,feather,notebook,cactus,ant,kite,whale,cloud,parrot,ocean,Sharding,ocean,onyx,radiance,violin,quasar,nebula,puzzle,quasar,koala,rocket,mountain,ocean,globe,banana,nebula,flower,harbor,pencil,whale,guitar,xylophone,cherry,onyx,guitar,sapphire,emerald,galaxy,voyage,ice,labyrinth,puzzle
engine,bubble,nebula,illusion,dog,dog,illusion,ocean,zeppelin,feather,quasar,mango,almond,guitar,horizon,tree,yacht,symphony,xenon,horizon,banana,banana,labyrinth,labyrinth,banana,mango,ant,galaxy,nectar,cloud,mango,queen,mango,waterfall,umbrella,rocket,mango,labyrinth,xenon,mango,unicorn,bubble,twilight,harbor,lemon,rainbow,radiance,zenith,rocket,jigsaw,dog,symphony,queen,quasar,banana,horizon,flower,galaxy,guitar,unicorn,umbrella,nebula,zenith,notebook,zebra,rocket,zenith,violin,Smart Contract Vulnerabilities,xenon,waterfall,rocket,yogurt,ocean,radiance,dog,dog,bubble,mango,telescope,cactus,telescope,bubble,nectar,zenith,lemon,xenon,queen,queen,symphony,cloud,cactus,sun,rainbow,ice,waterfall,ant,cloud,globe,notebook
waterfall,flower,jigsaw,ant,yacht,cloud,kangaroo,zenith,mango,illusion,illusion,zeppelin,bridge,umbrella,onyx,feather,cactus,puzzle,queen,zebra,radiance,mango,umbrella,apple,yogurt,sapphire,dog,notebook,yawning,nebula,emerald,unicorn,whale,violin,kangaroo,guitar,nectar,bridge,waterfall,kangaroo,yogurt,ice,nebula,rainbow,yogurt,illusion,kangaroo,globe,onyx,apple,twilight,kangaroo,dog,parrot,globe,feather,feather,globe,symphony,dog,almond,banana,waterfall,almond,illusion,onyx,bridge,yacht,apple,volcano,almond,banana,illusion,mountain,dog,harbor,house,nebula,house,symphony,puzzle,whale,bubble,ocean,unicorn,dog,rocket,illusion,ant,Mining Pool,Decentralization,kangaroo,queen,almond,zebra,cloud,zenith,emerald,rocket,cloud
telescope,symphony,house,quilt,nectar,whale,globe,twilight,nectar,illusion,xenon,cloud,nebula,flower,engine,mango,globe,whisper,nectar,symphony,parrot,dance,jigsaw,zebra,tree,guitar,galaxy,illusion,elephant,nectar,bubble,unicorn,parrot,emerald,yogurt,mango,kangaroo,symphony,globe,quasar,pencil,koala,kangaroo,mango,twilight,whale,twilight,onyx,globe,ant,bubble,ocean,unicorn,whale,sapphire,mango,telescope,jigsaw,umbrella,bubble,zenith,lantern,mango,ocean,quilt,ice,queen,rocket,feather,ant,mango,radiance,labyrinth,lemon,radiance,violin,zebra,whisper,galaxy,violin,yacht,symphony,yawning,onyx,violin,galaxy,kite,waterfall,waterfall,waterfall,ant,notebook,whisper,banana,ocean,zebra,quilt,xylophone,cloud,sun
quasar,labyrinth,quilt,dog,whale,xenon,globe,queen,globe,utopia,kangaroo,harbor,unicorn,quasar,violin,xenon,kite,apple,almond,kangaroo,volcano,x-ray,jasmine,voyage,globe,violin,horizon,nebula,dog,dolphin,x-ray,flower,notebook,twilight,kite,zenith,sapphire,dog,dance,rainbow,dog,xenon,ant,onyx,umbrella,x-ray,mango,zeppelin,violin,violin,zebra,zenith,ant,lantern,nebula,ant,nectar,ocean,ocean,almond,guitar,xenon,ant,onyx,violin,labyrinth,sun,kangaroo,cactus,puzzle,tree,kite,puzzle,zeppelin,meadow,bridge,puzzle,harbor,almond,puzzle,island,jigsaw,pencil,almond,engine,xenon,flower,feather,guitar,globe,apple,Optimistic Rollup,orchestra,dolphin,voyage,onyx,volcano,quilt,yogurt,labyrinth
ant,waterfall,queen,nebula,utopia,nectar,bridge,twilight,waterfall,globe,radiance,voyage,whale,elephant,rainbow,ice,quilt,mango,feather,onyx,dog,x-ray,mountain,symphony,waterfall,engine,ocean,sun,koala,kangaroo,bubble,tree,symphony,ant,yogurt,dog,ant,sun,twilight,telescope,emerald,kangaroo,notebook,notebook,violin,feather,xenon,unicorn,umbrella,xenon,waterfall,nectar,jungle,zeppelin,xenon,symphony,onyx,bubble,voyage,whisper,cactus,flower,symphony,horizon,sapphire,whisper,banana,zeppelin,xenon,yogurt,ant,zeppelin,meadow,quilt,zenith,puzzle,feather,unicorn,ant,notebook,radiance,yawning,yawning,x-ray,house,almond,nectar,banana,ocean,apple,violin,koala,xylophone,unicorn,jigsaw,globe,volcano,cloud,whale,dog
lantern,flower,koala,parrot,mango,tree,yacht,horizon,xylophone,sun,xenon,onyx,bridge,lemon,bridge,jigsaw,volcano,labyrinth,waterfall,island,cactus,labyrinth,unicorn,waterfall,umbrella,notebook,ocean,harbor,whale,xylophone,ocean,jigsaw,mango,island,guitar,ocean,apple,ant,illusion,almond,rainbow,guitar,xenon,rocket,banana,sun,rocket,globe,xenon,meadow,mango,puzzle,galaxy,jigsaw,umbrella,xylophone,almond,apple,notebook,ant,bridge,engine,queen,island,quasar,waterfall,lantern,volcano,puzzle,harbor,house,parrot,ant,kite,unicorn,voyage,telescope,parrot,bridge,ice,sapphire,zenith,whisper,lantern,twilight,whale,koala,horizon,labyrinth,koala,harbor,quilt,globe,nectar,cloud,horizon,nebula,nebula,guitar,quasar
whale,voyage,volcano,notebook,quilt,cactus,puzzle,umbrella,utopia,yacht,sun,queen,labyrinth,emerald,waterfall,emerald,queen,onyx,x-ray,jigsaw,puzzle,illusion,almond,pencil,umbrella,illusion,xylophone,sapphire,puzzle,elephant,xenon,x-ray,onyx,zeppelin,xenon,cactus,nebula,banana,elephant,kite,notebook,voyage,voyage,zebra,rocket,zeppelin,apple,twilight,mango,quilt,flower,zebra,guitar,dog,unicorn,emerald,engine,xenon,unicorn,illusion,quasar,onyx,tree,orchestra,bubble,radiance,queen,harbor,onyx,emerald,banana,feather,pencil,nectar,xenon,violin,cactus,cherry,cactus,guitar,cloud,unicorn,symphony,jigsaw,pencil,volcano,sapphire,waterfall,yacht,zebra,xylophone,nebula,telescope,cloud,yacht,yawning,ant,lemon,bubble,mango
galaxy,sapphire,puzzle,lemon,house,mango,ocean,harbor,mountain,feather,orchestra,parrot,dog,volcano,banana,emerald,puzzle,violin,rocket,queen,galaxy,almond,almond,banana,ant,harbor,dog,umbrella,ant,onyx,yacht,zeppelin,ice,galaxy,galaxy,rocket,voyage,mountain,kite,jungle,harbor,mango,engine,zenith,puzzle,sapphire,zenith,engine,illusion,globe,emerald,puzzle,bridge,queen,jasmine,violin,onyx,bubble,galaxy,voyage,notebook,cherry,zebra,mountain,xenon,cherry,waterfall,almond,yawning,harbor,galaxy,cactus,unicorn,meadow,whale,violin,onyx,violin,kite,notebook,nebula,labyrinth,feather,zebra,galaxy,mango,yogurt,umbrella,cactus,cactus,mountain,house,symphony,galaxy,horizon,mango,galaxy,labyrinth,telescope,koala
ant,harbor,emerald,globe,zeppelin,guitar,horizon,telescope,island,yacht,zeppelin,bridge,notebook,zenith,lemon,flower,horizon,nebula,unicorn,sapphire,yogurt,ant,rocket,guitar,unicorn,pencil,guitar,ocean,feather,pencil,whisper,ant,twilight,radiance,nebula,sun,bubble,zenith,yawning,unicorn,guitar,yawning,mango,flower,banana,quilt,parrot,symphony,emerald,twilight,nebula,guitar,unicorn,sun,house,volcano,ant,quilt,telescope,quilt,nebula,flower,radiance,labyrinth,ant,whale,yawning,labyrinth,queen,jungle,x-ray,cherry,koala,emerald,yogurt,rocket,nebula,horizon,nebula,rocket,labyrinth,apple,mango,feather,engine,rocket,banana,tree,rocket,rainbow,island,dog,x-ray,almond,zebra,unicorn,koala,pencil,globe,xenon
flower,volcano,mountain,jungle,x-ray,twilight,feather,onyx,sun,volcano,apple,meadow,twilight,rocket,tree,whale,mango,horizon,jungle,radiance,ice,waterfall,nebula,almond,ocean,whisper,violin,lemon,unicorn,engine,rocket,pencil,puzzle,twilight,quasar,xenon,dolphin,xenon,illusion,harbor,twilight,cloud,lemon,koala,labyrinth,meadow,dance,violin,dog,emerald,queen,illusion,ant,nebula,dolphin,almond,whisper,almond,lantern,harbor,harbor,ant,kite,yacht,waterfall,symphony,volcano,kite,voyage,unicorn,ant,guitar,mango,emerald,meadow,lemon,puzzle,apple,waterfall,nectar,banana,labyrinth,umbrella,twilight,emerald,nebula,symphony,violin,utopia,xylophone,nebula,kite,sun,jigsaw,twilight,yogurt,horizon,feather,horizon,nebula
elephant,umbrella,telescope,almond,almond,koala,kangaroo,xylophone,puzzle,queen,ocean,zeppelin,nectar,xenon,volcano,kangaroo,ice,zenith,queen,quasar,horizon,ocean,nectar,pencil,mango,banana,yogurt,flower,almond,rocket,guitar,violin,notebook,sapphire,zenith,kangaroo,guitar,quilt,nebula,volcano,symphony,sapphire,waterfall,twilight,zeppelin,meadow,notebook,quilt,mango,zebra,sun,cloud,onyx,yacht,puzzle,ice,unicorn,nebula,ant,bubble,volcano,nectar,cherry,forest,mango,cloud,waterfall,banana,mango,rainbow,whisper,kite,xenon,banana,kangaroo,umbrella,xenon,koala,bubble,telescope,jigsaw,harbor,island,almond,sun,bubble,tree,xylophone,cactus,yawning,quilt,xenon,engine,twilight,guitar,mango,tree,voyage,radiance,kite
zebra,dog,feather,yacht,guitar,violin,zenith,nectar,quasar,island,koala,voyage,kite,guitar,kangaroo,guitar,illusion,banana,lantern,elephant,zeppelin,mango,bubble,volcano,cherry,zeppelin,cactus,whale,twilight,kangaroo,emerald,almond,symphony,umbrella,whale,xenon,engine,waterfall,globe,tree,feather,globe,mango,nebula,xenon,yawning,dog,yacht,waterfall,pencil,voyage,rocket,lemon,lemon,onyx,apple,ice,nectar,feather,ocean,twilight,xenon,flower,zenith,emerald,mango,cloud,zeppelin,kangaroo,queen,feather,nebula,horizon,apple,yogurt,puzzle,dolphin,bridge,koala,whale,puzzle,galaxy,yacht,dance,koala,feather,kangaroo,harbor,ant,notebook,waterfall,orchestra,bridge,umbrella,sun,unicorn,labyrinth,ant,rocket,galaxy
ocean,onyx,notebook,dog,quilt,globe,notebook,engine,illusion,mountain,bridge,whale,elephant,zenith,engine,quasar,orchestra,rocket,kangaroo,voyage,banana,bubble,jigsaw,waterfall,lantern,lemon,guitar,horizon,x-ray,radiance,waterfall,island,house,kangaroo,queen,rocket,telescope,dog,cactus,koala,yogurt,almond,violin,illusion,bridge,island,labyrinth,emerald,almond,whisper,lantern,kangaroo,banana,dog,x-ray,xylophone,illusion,ocean,jigsaw,elephant,dog,xylophone,labyrinth,parrot,harbor,mango,kangaroo,volcano,telescope,horizon,waterfall,quasar,feather,kangaroo,banana,zebra,mango,ocean,mountain,nebula,rocket,yacht,umbrella,twilight,flower,jungle,onyx,whale,queen,dog,nebula,apple,cactus,kangaroo,feather,queen,flower,yogurt,bubble,yacht
sun,rainbow,labyrinth,twilight,globe,volcano,zenith,jigsaw,koala,onyx,apple,umbrella,dog,lantern,nectar,rainbow,ant,quasar,utopia,kite,tree,orchestra,waterfall,radiance,cloud,ant,sapphire,kangaroo,harbor,galaxy,globe,radiance,zeppelin,bubble,whisper,zebra,rocket,nebula,volcano,sun,twilight,guitar,almond,nectar,umbrella,ocean,pencil,sun,zebra,illusion,telescope,guitar,volcano,koala,quilt,ant,parrot,globe,waterfall,unicorn,onyx,emerald,unicorn,horizon,waterfall,mountain,apple,nebula,horizon,lantern,waterfall,almond,dog,orchestra,emerald,utopia,parrot,xenon,unicorn,cactus,cloud,koala,twilight,mountain,orchestra,banana,jigsaw,yawning,yogurt,queen,voyage,pencil,quilt,whisper,x-ray,jigsaw,quilt,labyrinth,telescope,zenith
flower,ice,nebula,xenon,twilight,rocket,kite,unicorn,mango,umbrella,engine,yogurt,almond,zeppelin,xenon,volcano,unicorn,horizon,quasar,cactus,jasmine,forest,voyage,rocket,puzzle,quasar,volcano,parrot,x-ray,mango,queen,banana,zenith,kite,house,waterfall,puzzle,zeppelin,volcano,parrot,umbrella,lemon,kite,zenith,voyage,sun,globe,quasar,nectar,xenon,engine,ocean,guitar,globe,queen,bubble,kite,engine,unicorn,notebook,horizon,emerald,yawning,umbrella,sun,puzzle,unicorn,almond,bubble,parrot,dance,ocean,yacht,utopia,symphony,zebra,volcano,waterfall,whisper,waterfall,ocean,feather,zebra,feather,waterfall,waterfall,quilt,mango,meadow,zebra,waterfall,ice,waterfall,whisper,cherry,mango,island,zeppelin,yawning,whale
zeppelin,unicorn,bubble,violin,puzzle,lemon,utopia,onyx,bridge,galaxy,waterfall,harbor,banana,lemon,engine,whale,emerald,cactus,labyrinth,lemon,ant,umbrella,nectar,nebula,whale,island,bubble,queen,cherry,xylophone,waterfall,nebula,almond,volcano,harbor,waterfall,meadow,violin,yacht,whale,puzzle,whale,yawning,kangaroo,mango,labyrinth,yacht,queen,violin,notebook,bridge,dolphin,island,waterfall,guitar,house,quilt,sun,violin,banana,cloud,whisper,xylophone,kangaroo,labyrinth,cactus,queen,bubble,house,illusion,banana,utopia,labyrinth,meadow,unicorn,almond,rocket,ice,zebra,voyage,cactus,house,unicorn,yawning,kite,ice,ice,forest,mountain,whisper,koala,tree,lemon,voyage,whale,dog,orchestra,waterfall,yacht,onyx
bubble,mango,orchestra,unicorn,zenith,twilight,quasar,ice,quasar,elephant,globe,volcano,mountain,nectar,mango,rocket,queen,feather,zeppelin,waterfall,waterfall,apple,quilt,onyx,tree,koala,emerald,zeppelin,volcano,yacht,volcano,telescope,guitar,bridge,volcano,banana,zebra,island,forest,unicorn,volcano,twilight,unicorn,mango,puzzle,puzzle,jigsaw,waterfall,waterfall,yacht,onyx,ant,voyage,ice,illusion,yogurt,dog,banana,lantern,dog,violin,rainbow,kangaroo,emerald,banana,puzzle,quilt,symphony,queen,umbrella,xenon,emerald,sapphire,xenon,nebula,labyrinth,nebula,sun,quasar,dolphin,bubble,umbrella,quilt,apple,waterfall,x-ray,horizon,galaxy,rainbow,meadow,cactus,volcano,zebra,koala,guitar,ant,globe,tree,cactus,whale
dog,quilt,mountain,quilt,pencil,tree,harbor,volcano,zenith,harbor,labyrinth,volcano,horizon,ant,nebula,xenon,telescope,nectar,umbrella,yogurt,apple,bridge,almond,voyage,bridge,galaxy,banana,apple,twilight,symphony,nectar,umbrella,apple,umbrella,waterfall,xenon,engine,x-ray,yawning,globe,xylophone,labyrinth,bubble,elephant,feather,tree,parrot,tree,yacht,whisper,yacht,ant,violin,x-ray,jasmine,notebook,violin,forest,puzzle,orchestra,telescope,emerald,puzzle,harbor,harbor,dog,lantern,ant,whisper,bubble,rocket,island,zebra,guitar,almond,violin,ant,banana,harbor,puzzle,pencil,x-ray,yacht,feather,nectar,dance,island,ocean,dog,almond,zebra,umbrella,twilight,cherry,ant,emerald,waterfall,utopia,voyage,galaxy
whale,apple,ice,illusion,illusion,pencil,twilight,emerald,ocean,zebra,koala,elephant,banana,violin,x-ray,zebra,whisper,globe,nebula,zeppelin,bridge,mango,quilt,harbor,apple,zenith,yogurt,ocean,nebula,feather,ice,ant,illusion,galaxy,rainbow,engine,feather,nebula,onyx,yogurt,volcano,elephant,ant,cactus,radiance,mango,queen,umbrella,umbrella,waterfall,emerald,nebula,quilt,horizon,globe,feather,zeppelin,quilt,illusion,emerald,guitar,nebula,violin,ice,puzzle,whisper,onyx,globe,flower,illusion,emerald,bridge,jasmine,sapphire,illusion,twilight,guitar,pencil,nectar,harbor,horizon,radiance,volcano,x-ray,twilight,tree,mango,kangaroo,xylophone,bridge,telescope,onyx,volcano,emerald,whale,feather,guitar,globe,yacht,notebook
harbor,ice,house,queen,violin,queen,whisper,zeppelin,notebook,koala,mango,kangaroo,yogurt,nebula,yawning,emerald,mango,queen,nectar,xenon,zenith,mango,queen,elephant,apple,notebook,emerald,lemon,ice,mango,quilt,puzzle,rocket,xenon,cherry,galaxy,mango,zenith,guitar,tree,parrot,almond,onyx,labyrinth,meadow,mango,tree,quasar,yacht,quilt,labyrinth,jigsaw,yogurt,horizon,ant,almond,onyx,jigsaw,zebra,yawning,cloud,puzzle,lantern,globe,illusion,dog,banana,rainbow,zenith,puzzle,apple,zebra,lemon,zeppelin,onyx,almond,xenon,bridge,emerald,unicorn,kite,harbor,waterfall,kite,flower,nectar,sapphire,whale,almond,whale,guitar,violin,mango,utopia,yawning,house,jigsaw,harbor,yacht,engine
whale,zebra,globe,globe,globe,kangaroo,nebula,umbrella,zeppelin,house,dog,almond,cherry,mango,yacht,quasar,symphony,waterfall,notebook,tree,nectar,quilt,meadow,guitar,house,pencil,tree,rocket,emerald,queen,globe,ant,yogurt,lantern,kite,whisper,zebra,apple,kangaroo,jungle,queen,engine,bubble,symphony,unicorn,rocket,xenon,globe,harbor,unicorn,bubble,zeppelin,almond,zenith,yacht,galaxy,cloud,onyx,mango,umbrella,ant,ant,xenon,telescope,horizon,yawning,feather,almond,tree,symphony,onyx,bubble,sapphire,kangaroo,puzzle,quilt,umbrella,whisper,symphony,dolphin,waterfall,kite,ant,twilight,symphony,engine,illusion,mango,harbor,queen,emerald,zeppelin,dog,pencil,xenon,almond,cactus,x-ray,ant,sapphire
almond,guitar,engine,zeppelin,zeppelin,ice,xenon,yawning,utopia,puzzle,guitar,queen,ice,zeppelin,illusion,utopia,xenon,ant,ocean,quilt,x-ray,cactus,whisper,xenon,kangaroo,globe,bubble,rainbow,globe,guitar,banana,ant,apple,sapphire,mango,dog,house,lantern,ant,yacht,ocean,xylophone,parrot,ant,cactus,cloud,guitar,cherry,puzzle,labyrinth,emerald,puzzle,mango,sun,dance,feather,lantern,nectar,quilt,cloud,ant,nectar,lantern,utopia,waterfall,jigsaw,waterfall,nectar,yawning,ant,xenon,sapphire,koala,symphony,ocean,sun,violin,galaxy,ice,labyrinth,cactus,xenon,zeppelin,symphony,waterfall,ice,whisper,horizon,rocket,voyage,guitar,kangaroo,yacht,notebook,waterfall,almond,sun,almond,labyrinth,volcano
queen,zebra,nebula,lemon,kangaroo,xenon,bridge,bridge,voyage,kite,globe,utopia,volcano,cactus,elephant,globe,sun,umbrella,notebook,waterfall,nebula,puzzle,dance,illusion,jigsaw,flower,x-ray,engine,guitar,onyx,voyage,cherry,kite,engine,quilt,galaxy,guitar,whale,cloud,ant,whale,koala,queen,queen,rainbow,zebra,waterfall,almond,symphony,rocket,xenon,meadow,kite,horizon,island,pencil,elephant,kangaroo,zebra,globe,x-ray,cloud,yacht,flower,illusion,queen,pencil,dance,guitar,labyrinth,whisper,whisper,mountain,rainbow,flower,bubble,horizon,xenon,radiance,almond,radiance,galaxy,koala,puzzle,kangaroo,yawning,twilight,banana,horizon,lemon,dolphin,labyrinth,feather,ocean,telescope,cactus,violin,zeppelin,radiance,banana
rocket,illusion,kite,onyx,notebook,yawning,jungle,guitar,sun,nebula,dog,notebook,voyage,puzzle,queen,jigsaw,guitar,xenon,x-ray,harbor,banana,utopia,dog,feather,twilight,labyrinth,harbor,globe,quilt,symphony,nectar,feather,globe,ocean,puzzle,jasmine,x-ray,rocket,symphony,quasar,zebra,cherry,yogurt,whisper,jigsaw,harbor,ant,dog,emerald,xylophone,galaxy,globe,radiance,kangaroo,emerald,sun,cactus,whale,sapphire,xenon,quilt,galaxy,yacht,yacht,koala,yogurt,quasar,x-ray,yogurt,cherry,almond,bubble,harbor,xenon,symphony,globe,voyage,quasar,x-ray,cactus,pencil,dog,bubble,engine,quilt,feather,notebook,kite,whale,parrot,rocket,xylophone,harbor,yogurt,guitar,symphony,almond,zeppelin,xenon,almond
nebula,sapphire,kite,whisper,meadow,zebra,yawning,nectar,queen,apple,yogurt,zenith,bubble,dog,cactus,banana,waterfall,rocket,nebula,ant,banana,lantern,zeppelin,voyage,zebra,quilt,guitar,zeppelin,rocket,waterfall,apple,onyx,rocket,whisper,queen,queen,cactus,sapphire,meadow,harbor,sapphire,radiance,puzzle,quilt,illusion,umbrella,ant,quasar,kite,violin,harbor,apple,meadow,island,radiance,quasar,symphony,emerald,kite,parrot,jungle,dog,cactus,parrot,whale,banana,labyrinth,ice,xenon,pencil,zenith,emerald,violin,dog,voyage,zebra,horizon,flower,kangaroo,sapphire,labyrinth,telescope,mango,meadow,ant,twilight,flower,nebula,almond,dog,zeppelin,ant,whale,jungle,guitar,queen,onyx,cactus,flower,mango
mountain,x-ray,ocean,quasar,guitar,harbor,globe,elephant,utopia,ice,yawning,zeppelin,ant,yogurt,sapphire,unicorn,yacht,bubble,symphony,mango,banana,twilight,waterfall,mountain,globe,bubble,x-ray,waterfall,horizon,apple,sun,engine,nectar,volcano,yogurt,bubble,dog,meadow,illusion,rainbow,twilight,lantern,xenon,emerald,x-ray,banana,globe,jungle,nectar,queen,whisper,mango,yacht,jasmine,xylophone,yacht,globe,violin,zeppelin,whale,dog,yogurt,ant,violin,globe,queen,symphony,zeppelin,umbrella,harbor,nebula,banana,zenith,twilight,zenith,island,flower,x-ray,sapphire,onyx,kangaroo,feather,flower,ant,illusion,yawning,nebula,waterfall,yogurt,notebook,galaxy,cactus,utopia,dance,house,bubble,island,kite,waterfall,xenon
globe,dance,xylophone,ant,meadow,horizon,xenon,feather,nebula,jungle,banana,notebook,emerald,ocean,twilight,mango,parrot,almond,ocean,yacht,x-ray,harbor,parrot,whisper,waterfall,kangaroo,globe,telescope,ice,ice,lemon,ocean,yawning,whale,queen,ice,labyrinth,twilight,zeppelin,symphony,umbrella,globe,kite,violin,emerald,notebook,ant,radiance,emerald,quilt,xenon,nectar,guitar,waterfall,twilight,ocean,utopia,nebula,illusion,unicorn,labyrinth,lantern,queen,quasar,lemon,kangaroo,horizon,ice,globe,zebra,yacht,bubble,yogurt,pencil,unicorn,ant,kite,banana,almond,dog,mango,unicorn,dog,volcano,guitar,voyage,meadow,zeppelin,pencil,cloud,banana,twilight,flower,globe,puzzle,cherry,mango,almond,meadow,engine
illusion,notebook,nebula,xenon,cactus,cloud,apple,banana,ant,dance,nectar,mountain,almond,apple,xenon,rainbow,cactus,ocean,quasar,almond,waterfall,kangaroo,harbor,quasar,kangaroo,zeppelin,xylophone,jasmine,whale,emerald,bubble,jigsaw,sun,bubble,sun,nectar,labyrinth,lemon,violin,ant,globe,cactus,x-ray,harbor,koala,puzzle,bridge,bubble,island,xylophone,volcano,violin,labyrinth,dog,sun,cactus,engine,onyx,telescope,queen,yacht,ice,lantern,guitar,yacht,bubble,yacht,meadow,yawning,guitar,unicorn,ant,quilt,twilight,waterfall,ice,xylophone,kite,voyage,banana,emerald,nectar,nebula,kangaroo,sun,rocket,yacht,rocket,dance,pencil,tree,violin,almond,voyage,xylophone,sun,guitar,mango,mango,bridge
yogurt,lantern,flower,ant,xylophone,bubble,bridge,apple,tree,engine,voyage,labyrinth,violin,ocean,xylophone,twilight,ant,orchestra,umbrella,x-ray,puzzle,almond,rocket,xylophone,xylophone,nebula,whisper,yogurt,violin,mango,engine,telescope,unicorn,ant,bubble,waterfall,jigsaw,cactus,zenith,labyrinth,flower,zeppelin,radiance,dog,flower,illusion,zebra,kite,island,volcano,waterfall,telescope,almond,xenon,ant,cactus,ice,zenith,umbrella,rocket,volcano,whale,puzzle,koala,twilight,bubble,galaxy,horizon,onyx,ant,ant,symphony,puzzle,queen,horizon,yacht,ocean,cherry,harbor,notebook,whale,zebra,xenon,rocket,house,umbrella,dog,lantern,apple,symphony,lantern,guitar,tree,ant,twilight,telescope,dance,nebula,xenon,whale
cloud,koala,labyrinth,onyx,labyrinth,koala,yogurt,globe,banana,whisper,pencil,nebula,parrot,flower,harbor,unicorn,symphony,bubble,telescope,mango,yogurt,unicorn,bridge,xenon,x-ray,labyrinth,dog,mountain,telescope,violin,violin,quasar,parrot,banana,x-ray,ocean,waterfall,rocket,horizon,radiance,yogurt,jasmine,whisper,sun,house,yogurt,umbrella,bridge,labyrinth,queen,jasmine,queen,sun,ocean,twilight,xylophone,yogurt,bubble,flower,waterfall,almond,almond,zenith,dog,quasar,jigsaw,flower,whale,cactus,zebra,nectar,labyrinth,queen,globe,tree,zeppelin,rocket,rocket,pencil,guitar,volcano,apple,kite,sun,rocket,labyrinth,elephant,zebra,almond,waterfall,radiance,yogurt,xenon,engine,yogurt,utopia,xenon,x-ray,globe,onyx
tree,dog,voyage,horizon,whisper,engine,feather,harbor,ice,bridge,kite,volcano,xenon,mango,yogurt,galaxy,waterfall,yacht,telescope,meadow,voyage,mango,voyage,galaxy,sun,harbor,bridge,cactus,jigsaw,guitar,umbrella,rocket,voyage,quilt,parrot,cherry,zenith,yogurt,x-ray,cactus,ice,symphony,harbor,nectar,zeppelin,zeppelin,utopia,queen,sun,ant,xenon,almond,labyrinth,lemon,mountain,voyage,house,ocean,waterfall,ice,jasmine,volcano,whale,voyage,symphony,violin,ocean,banana,quasar,feather,xylophone,banana,feather,quasar,telescope,kangaroo,volcano,yacht,guitar,quasar,almond,unicorn,lemon,labyrinth,onyx,mountain,voyage,bubble,rainbow,flower,pencil,globe,banana,engine,kangaroo,mango,jigsaw,mango,ocean,symphony
globe,almond,koala,rocket,forest,rocket,whisper,quasar,quasar,unicorn,pencil,almond,labyrinth,xylophone,unicorn,bubble,ocean,koala,feather,whale,whale,dog,queen,flower,bridge,quilt,illusion,waterfall,nebula,rocket,cherry,jigsaw,horizon,emerald,whale,apple,cactus,labyrinth,queen,globe,sun,symphony,zenith,koala,banana,xylophone,cactus,zeppelin,bubble,puzzle,rocket,quilt,yogurt,kite,mango,engine,tree,queen,queen,nectar,guitar,queen,cactus,almond,twilight,guitar,zeppelin,nectar,dance,feather,notebook,feather,parrot,lantern,volcano,dog,kangaroo,parrot,quasar,sapphire,koala,zenith,globe,zenith,yacht,kite,nectar,flower,island,orchestra,xenon,symphony,xenon,forest,waterfall,parrot,whale,whale,whisper,flower
flower,yawning,ocean,cactus,nebula,umbrella,engine,kite,galaxy,koala,zebra,twilight,koala,labyrinth,notebook,jigsaw,waterfall,lemon,rainbow,engine,labyrinth,cactus,labyrinth,umbrella,bubble,kangaroo,x-ray,zenith,feather,galaxy,dolphin,mango,yogurt,nectar,labyrinth,kite,bubble,xylophone,sun,house,jigsaw,horizon,nebula,yogurt,jigsaw,whale,unicorn,mango,orchestra,dog,apple,x-ray,utopia,kangaroo,globe,sun,voyage,parrot,yogurt,unicorn,cherry,engine,mountain,almond,dog,flower,nectar,galaxy,notebook,unicorn,zenith,voyage,globe,ant,whale,globe,umbrella,ant,xylophone,feather,cloud,violin,banana,notebook,guitar,quasar,waterfall,utopia,ant,nectar,nebula,jungle,twilight,whale,mango,whisper,yacht,whisper,engine,ice
horizon,xylophone,dance,ant,island,lemon,parrot,flower,mango,almond,koala,forest,sapphire,volcano,guitar,symphony,galaxy,umbrella,banana,yawning,engine,violin,mountain,pencil,rocket,quasar,waterfall,banana,sapphire,emerald,dog,quasar,banana,unicorn,zeppelin,utopia,x-ray,tree,almond,sun,emerald,volcano,yacht,zenith,xylophone,dog,yogurt,parrot,queen,cloud,dance,cactus,ocean,pencil,yogurt,bridge,ant,feather,feather,mango,quasar,flower,globe,onyx,waterfall,volcano,ocean,engine,tree,unicorn,radiance,feather,nebula,quasar,ice,onyx,illusion,dance,parrot,volcano,telescope,galaxy,ice,whale,guitar,twilight,flower,harbor,emerald,rocket,queen,kangaroo,lantern,yogurt,queen,voyage,quilt,kite,voyage,kite
volcano,telescope,xylophone,yawning,cloud,lantern,galaxy,horizon,telescope,house,zebra,whisper,telescope,cloud,emerald,mango,parrot,elephant,onyx,feather,violin,mango,nectar,x-ray,guitar,whale,quasar,banana,horizon,cloud,whale,volcano,kite,nectar,puzzle,bridge,cactus,kangaroo,cactus,quasar,globe,sun,volcano,unicorn,rocket,horizon,radiance,volcano,dog,island,koala,sapphire,sun,waterfall,nebula,zebra,parrot,harbor,yogurt,waterfall,quilt,quasar,xenon,yacht,cherry,orchestra,emerald,forest,labyrinth,labyrinth,cherry,quilt,whale,telescope,guitar,horizon,galaxy,illusion,galaxy,cactus,waterfall,koala,umbrella,rocket,guitar,bubble,twilight,unicorn,kangaroo,dog,nebula,mango,nebula,almond,parrot,rocket,flower,apple,koala,labyrinth
kite,nebula,yogurt,cloud,apple,engine,umbrella,bubble,horizon,kite,meadow,xenon,puzzle,banana,zenith,rocket,island,yacht,tree,guitar,voyage,nebula,engine,unicorn,bubble,harbor,sapphire,engine,almond,whale,flower,cherry,xenon,illusion,harbor,island,bubble,whale,almond,waterfall,guitar,rocket,labyrinth,zenith,violin,twilight,zeppelin,kangaroo,zenith,ice,meadow,nectar,kangaroo,apple,parrot,queen,globe,harbor,waterfall,cactus,koala,globe,quasar,bubble,volcano,cloud,labyrinth,dance,rainbow,apple,nectar,xenon,dog,flower,emerald,quilt,queen,violin,bridge,mango,quilt,guitar,meadow,twilight,engine,unicorn,almond,xylophone,ocean,emerald,bridge,meadow,apple,dog,apple,almond,rainbow,zeppelin,globe,feather
guitar,yogurt,koala,rocket,symphony,zebra,twilight,rocket,quilt,cherry,jigsaw,notebook,harbor,almond,zeppelin,nebula,kite,kite,cherry,banana,zebra,mango,umbrella,volcano,twilight,nebula,xenon,lantern,rainbow,whale,jigsaw,voyage,sun,island,zebra,apple,voyage,nectar,whale,banana,puzzle,sun,flower,rocket,quilt,nebula,illusion,puzzle,nectar,symphony,illusion,twilight,galaxy,notebook,umbrella,ocean,yawning,onyx,meadow,cactus,apple,xenon,queen,globe,utopia,forest,illusion,radiance,illusion,cactus,cactus,globe,ice,bubble,apple,queen,orchestra,onyx,sun,kite,pencil,cloud,banana,cloud,symphony,ocean,queen,rocket,dog,globe,sapphire,violin,unicorn,unicorn,xenon,feather,house,umbrella,violin,parrot
voyage,symphony,cactus,yogurt,feather,zeppelin,volcano,violin,onyx,cloud,kite,dog,symphony,onyx,koala,onyx,labyrinth,ant,ice,harbor,bubble,dog,banana,onyx,koala,island,rocket,ant,umbrella,xenon,globe,ant,unicorn,apple,bubble,volcano,rainbow,xylophone,queen,quilt,galaxy,kangaroo,illusion,sapphire,quilt,xenon,kite,onyx,cactus,dog,guitar,globe,bridge,almond,illusion,bubble,jigsaw,emerald,sapphire,volcano,queen,unicorn,illusion,yogurt,kangaroo,harbor,almond,cherry,queen,meadow,lemon,globe,pencil,almond,quasar,labyrinth,cherry,feather,ant,rainbow,feather,apple,rocket,bridge,koala,voyage,zenith,unicorn,tree,whisper,pencil,kangaroo,waterfall,dog,twilight,almond,cactus,yacht,labyrinth,mango
almond,jigsaw,rocket,emerald,emerald,jungle,mango,volcano,symphony,mango,feather,whisper,unicorn,xenon,sapphire,twilight,jigsaw,lemon,violin,lemon,almond,unicorn,waterfall,dog,emerald,rocket,nectar,elephant,cherry,waterfall,dog,rocket,ocean,yawning,x-ray,koala,notebook,quilt,house,zebra,queen,meadow,symphony,waterfall,waterfall,notebook,xylophone,unicorn,jigsaw,kite,banana,bridge,voyage,onyx,kangaroo,yawning,guitar,whale,zenith,ant,mango,voyage,xylophone,harbor,banana,symphony,labyrinth,onyx,emerald,ocean,mango,globe,whisper,nebula,guitar,yogurt,engine,engine,waterfall,zeppelin,mountain,ant,quasar,bubble,cactus,labyrinth,ant,queen,waterfall,whisper,harbor,mountain,yogurt,harbor,unicorn,feather,dance,yacht,radiance,emerald
forest,nectar,harbor,parrot,ocean,horizon,dance,mountain,ocean,meadow,parrot,zeppelin,whale,ice,almond,telescope,island,globe,notebook,nectar,telescope,nectar,rocket,banana,feather,onyx,emerald,kangaroo,whisper,flower,house,engine,rocket,yawning,quilt,voyage,onyx,galaxy,onyx,zenith,symphony,globe,unicorn,ice,whisper,island,flower,kite,ice,onyx,tree,rainbow,xylophone,cloud,ocean,xylophone,cactus,sun,yogurt,labyrinth,xenon,yogurt,umbrella,nebula,quasar,volcano,quasar,yacht,labyrinth,feather,violin,globe,lemon,nectar,elephant,twilight,umbrella,mountain,zenith,mountain,lemon,ant,rainbow,ant,zeppelin,onyx,cactus,emerald,mango,dog,rainbow,sapphire,bridge,koala,waterfall,koala,unicorn,jungle,xenon,waterfall
galaxy,sun,zenith,violin,house,meadow,parrot,voyage,yogurt,ocean,ice,utopia,ocean,nebula,galaxy,mango,island,forest,voyage,ocean,xenon,mango,labyrinth,dog,harbor,x-ray,sun,quilt,jigsaw,horizon,apple,apple,quasar,jasmine,unicorn,yawning,unicorn,radiance,quasar,ant,apple,ice,umbrella,rocket,utopia,meadow,parrot,zeppelin,umbrella,kangaroo,ice,umbrella,symphony,koala,dog,puzzle,yacht,rocket,almond,quilt,harbor,whisper,voyage,onyx,bubble,galaxy,xenon,voyage,quilt,labyrinth,voyage,mango,jigsaw,almond,koala,orchestra,tree,kite,sapphire,ant,house,guitar,cactus,dance,nebula,zenith,zebra,parrot,kangaroo,meadow,guitar,almond,nectar,quilt,lantern,globe,nebula,ant,cactus,yacht
whale,voyage,banana,rainbow,almond,volcano,zebra,umbrella,ant,waterfall,labyrinth,nectar,feather,kangaroo,puzzle,x-ray,island,bubble,dog,harbor,whisper,cloud,zenith,waterfall,x-ray,whisper,bridge,almond,emerald,bridge,jasmine,tree,puzzle,ocean,sapphire,globe,ice,almond,labyrinth,puzzle,mountain,jigsaw,house,ant,violin,kite,ice,mango,yogurt,symphony,flower,globe,ant,rocket,globe,labyrinth,notebook,flower,quasar,parrot,zebra,zenith,zenith,kangaroo,puzzle,yogurt,nectar,waterfall,mountain,cloud,rocket,almond,rocket,zeppelin,unicorn,orchestra,waterfall,zenith,quilt,onyx,banana,sun,guitar,queen,labyrinth,zenith,yacht,dog,harbor,x-ray,onyx,waterfall,volcano,dog,cactus,yogurt,guitar,koala,bubble,xenon
nectar,yogurt,whale,puzzle,umbrella,banana,cherry,sun,banana,x-ray,labyrinth,labyrinth,violin,volcano,queen,rocket,horizon,utopia,banana,horizon,puzzle,illusion,zeppelin,engine,feather,notebook,yogurt,ocean,zeppelin,yogurt,house,yogurt,ice,bubble,guitar,ocean,emerald,mango,mango,voyage,xylophone,xenon,ant,violin,sapphire,parrot,forest,labyrinth,mountain,dog,sun,engine,voyage,rocket,sun,volcano,ocean,cactus,cactus,ant,ocean,xylophone,nebula,illusion,queen,x-ray,ice,emerald,notebook,island,onyx,lemon,almond,whisper,notebook,globe,ocean,galaxy,mango,banana,yawning,nectar,jigsaw,twilight,rocket,jasmine,guitar,puzzle,nebula,unicorn,bridge,kangaroo,dog,xylophone,waterfall,voyage,lemon,tree,ice,violin
flower,violin,cactus,lemon,quilt,notebook,whale,ocean,xenon,yacht,queen,labyrinth,notebook,ocean,almond,radiance,nectar,zenith,waterfall,ant,almond,queen,bridge,zeppelin,pencil,emerald,island,harbor,twilight,umbrella,ocean,onyx,dance,cactus,nebula,illusion,zebra,whale,zebra,mango,x-ray,mountain,symphony,island,mango,whale,nebula,nectar,harbor,telescope,orchestra,telescope,illusion,ant,dog,puzzle,ocean,xenon,labyrinth,radiance,queen,symphony,nebula,almond,mango,xylophone,volcano,volcano,xylophone,yogurt,volcano,bubble,violin,banana,nebula,banana,galaxy,bubble,cactus,onyx,yacht,notebook,whale,banana,almond,xylophone,house,onyx,symphony,xylophone,cactus,waterfall,voyage,harbor,waterfall,zeppelin,lantern,queen,emerald,cherry
volcano,mango,ice,engine,quilt,ant,ant,nebula,quasar,mango,zebra,zebra,cactus,rainbow,notebook,kangaroo,whisper,mango,almond,bubble,kite,illusion,almond,x-ray,jigsaw,kangaroo,dog,waterfall,symphony,almond,unicorn,zebra,tree,onyx,cactus,globe,sapphire,ocean,island,symphony,waterfall,waterfall,sapphire,engine,elephant,radiance,sun,galaxy,umbrella,cactus,xylophone,volcano,island,ice,mango,forest,parrot,flower,ice,dog,sun,waterfall,illusion,flower,pencil,ice,engine,flower,illusion,radiance,volcano,horizon,sapphire,zebra,whisper,onyx,zeppelin,bubble,emerald,rocket,voyage,dog,zeppelin,labyrinth,ocean,nebula,almond,globe,ant,volcano,apple,ice,globe,yacht,notebook,notebook,nebula,tree,waterfall,voyage
horizon,whale,symphony,unicorn,almond,quasar,umbrella,nebula,ant,parrot,pencil,sun,jungle,kite,elephant,guitar,emerald,flower,zenith,queen,voyage,horizon,labyrinth,violin,globe,cactus,symphony,engine,whale,twilight,ice,lemon,apple,dog,koala,puzzle,whale,galaxy,labyrinth,guitar,volcano,queen,twilight,twilight,labyrinth,onyx,nectar,nectar,island,ice,emerald,koala,rocket,sun,globe,onyx,cactus,globe,sun,galaxy,elephant,apple,ant,puzzle,quasar,kite,kangaroo,kite,sun,mango,lemon,cactus,orchestra,flower,whisper,nectar,engine,whale,parrot,rainbow,nebula,flower,labyrinth,ocean,galaxy,guitar,xenon,waterfall,guitar,lemon,ice,labyrinth,galaxy,puzzle,sun,harbor,pencil,utopia,notebook,labyrinth
apple,apple,zeppelin,waterfall,labyrinth,nebula,unicorn,yogurt,engine,yawning,apple,zebra,kangaroo,radiance,jigsaw,volcano,yacht,rainbow,rocket,x-ray,banana,house,zenith,flower,labyrinth,bubble,notebook,dog,engine,nectar,elephant,telescope,ant,kangaroo,volcano,yawning,almond,emerald,cactus,flower,xenon,flower,xylophone,globe,yogurt,forest,globe,island,parrot,meadow,rocket,ant,dog,emerald,cherry,labyrinth,quasar,nectar,dog,whisper,horizon,ant,mango,mango,banana,koala,cloud,mango,labyrinth,globe,whale,galaxy,voyage,ocean,ant,lantern,galaxy,mountain,nebula,globe,yogurt,sun,violin,globe,symphony,violin,whale,symphony,xenon,jasmine,telescope,zebra,guitar,parrot,unicorn,telescope,volcano,queen,almond,quasar
zeppelin,zeppelin,sun,jasmine,xenon,zeppelin,puzzle,xylophone,puzzle,puzzle,guitar,guitar,guitar,waterfall,quasar,guitar,dog,harbor,whale,zenith,twilight,zebra,almond,voyage,umbrella,zebra,sapphire,flower,apple,mango,xylophone,koala,mango,yogurt,queen,meadow,yawning,mango,rocket,labyrinth,lemon,waterfall,mango,zebra,nebula,quasar,umbrella,zebra,nebula,bridge,notebook,cactus,parrot,quasar,quilt,guitar,bubble,violin,notebook,labyrinth,apple,zebra,mango,nectar,radiance,harbor,onyx,puzzle,notebook,unicorn,umbrella,queen,zeppelin,zebra,kangaroo,nectar,violin,symphony,meadow,island,mango,parrot,flower,almond,labyrinth,quilt,dog,puzzle,bridge,koala,yawning,unicorn,zebra,globe,lantern,yawning,globe,whale,volcano,lemon
