dance,quilt,volcano,volcano,lantern,labyrinth,ant,horizon,almond,umbrella,xenon,bridge,globe,volcano,koala,kangaroo,feather,cactus,sapphire,lemon,zebra,dog,umbrella,zeppelin,ice,rocket,almond,onyx,kite,jigsaw
labyrinth,koala,quilt,globe,globe,ocean,zebra,cherry,nectar,dog,tree,twilight,telescope,telescope,yacht,guitar,notebook,galaxy,rocket,sun,zenith,almond,forest,xenon,galaxy,apple,jasmine,utopia,waterfall,cherry
quilt,flower,sapphire,whale,zeppelin,almond,mango,harbor,pencil,waterfall,xenon,notebook,labyrinth,ocean,horizon,waterfall,notebook,pencil,parrot,kangaroo,dance,ocean,queen,ice,yogurt,lantern,cactus,almond,whisper,violin
house,rocket,yawning,zenith,yogurt,onyx,mountain,xylophone,engine,umbrella,emerald,banana,ocean,x-ray,galaxy,zenith,nectar,horizon,puzzle,flower,twilight,dog,almond,umbrella,rocket,umbrella,quilt,x-ray,quilt,unicorn
ice,mango,volcano,queen,banana,jigsaw,unicorn,banana,cactus,illusion,cactus,xenon,flower,nebula,whisper,labyrinth,utopia,nectar,waterfall,cherry,yacht,cherry,quilt,zeppelin,queen,apple,nebula,voyage,yacht,volcano
quilt,mango,quasar,kangaroo,jungle,whale,ant,cactus,waterfall,island,waterfall,quilt,quilt,violin,nectar,mango,feather,cloud,lantern,island,puzzle,zebra,jigsaw,illusion,pencil,umbrella,unicorn,tree,symphony,volcano
onyx,kite,dance,queen,quasar,xylophone,horizon,quilt,emerald,rainbow,waterfall,house,dog,quasar,galaxy,forest,illusion,x-ray,lantern,flower,xenon,violin,cactus,jigsaw,mountain,feather,globe,quasar,island,illusion
whisper,engine,x-ray,horizon,zebra,xenon,zebra,zebra,jigsaw,rainbow,mango,waterfall,forest,symphony,whale,feather,whale,pencil,island,ant,yawning,globe,symphony,almond,rainbow,guitar,feather,sapphire,notebook,quasar
telescope,cactus,sun,koala,radiance,nebula,house,volcano,voyage,ice,emerald,telescope,waterfall,emerald,queen,ant,xenon,emerald,twilight,nectar,ant,globe,ice,xenon,ocean,ant,umbrella,apple,cactus,sapphire
dog,jigsaw,x-ray,engine,flower,quasar,guitar,flower,rainbow,koala,violin,banana,jigsaw,onyx,sapphire,nebula,yogurt,illusion,kangaroo,harbor,lantern,banana,illusion,cherry,whisper,cloud,sapphire,lemon,almond,almond
sun,harbor,quasar,jigsaw,onyx,onyx,unicorn,umbrella,apple,guitar,radiance,guitar,sun,galaxy,kite,zebra,symphony,xenon,ocean,jigsaw,x-ray,unicorn,ocean,utopia,ocean,cherry,guitar,mango,kite,guitar
bridge,parrot,volcano,sun,nebula,xenon,engine,zeppelin,labyrinth,dog,nebula,bridge,yacht,bridge,kangaroo,tree,mango,rocket,xylophone,mango,dog,galaxy,ant,umbrella,onyx,meadow,bridge,zebra,kite,almond
sun,quilt,dog,xenon,globe,house,illusion,parrot,kangaroo,lantern,yawning,parrot,cactus,voyage,zenith,elephant,emerald,waterfall,x-ray,xenon,ant,labyrinth,Wearable Sensors,Design Tools,koala,volcano,dog,engine,horizon,harbor
xenon,waterfall,violin,almond,bubble,twilight,engine,banana,whale,zeppelin,ant,kangaroo,cactus,volcano,feather,labyrinth,ant,yacht,queen,rocket,quilt,Human Cognition,ice,Social Media Algorithms,zeppelin,queen,mango,bubble,whale,kite
volcano,labyrinth,jigsaw,galaxy,emerald,yogurt,forest,puzzle,xenon,waterfall,labyrinth,rocket,xenon,banana,globe,onyx,zeppelin,bubble,banana,xenon,globe,ant,sapphire,Transformers,cloud,globe,whale,kangaroo,engine,jigsaw
flower,symphony,symphony,xenon,nebula,zeppelin,guitar,cherry,queen,symphony,onyx,feather,flower,quilt,rocket,ice,ocean,pencil,zenith,notebook,flower,galaxy,waterfall,bridge,mango,tree,quilt,house,waterfall,feather
labyrinth,labyrinth,dog,bubble,symphony,zeppelin,nebula,nebula,volcano,nectar,harbor,voyage,whisper,dog,engine,tree,mango,violin,illusion,bubble,radiance,unicorn,puzzle,umbrella,feather,whale,mountain,waterfall,Video Synthesis,umbrella
notebook,mango,horizon,bubble,pencil,yogurt,sapphire,cloud,feather,globe,cactus,labyrinth,dance,whisper,nebula,ocean,bridge,guitar,umbrella,harbor,engine,lemon,bubble,radiance,zebra,labyrinth,Proteomics,Certifications,utopia,mango
yawning,zeppelin,kangaroo,symphony,waterfall,xenon,yawning,zeppelin,puzzle,bridge,dog,apple,dance,almond,whale,mango,kite,flower,banana,parrot,apple,rocket,zenith,banana,onyx,umbrella,banana,koala,Personalized Medicine,rainbow
lantern,notebook,umbrella,onyx,cloud,voyage,sun,feather,puzzle,mountain,labyrinth,house,whale,ant,sun,zenith,labyrinth,x-ray,whale,mango,cactus,kite,whisper,yacht,pencil,whale,flower,quilt,dog,dog
rocket,nebula,xenon,bridge,radiance,tree,rocket,feather,dog,flower,globe,violin,dance,zenith,mango,sun,quasar,volcano,quasar,xylophone,symphony,bubble,mango,kangaroo,cactus,emerald,globe,notebook,x-ray,tree
guitar,kite,almond,bubble,onyx,sapphire,bubble,mango,lemon,cloud,lemon,umbrella,zenith,sapphire,xylophone,zenith,xylophone,parrot,xenon,zeppelin,whisper,umbrella,banana,mountain,ant,notebook,globe,telescope,tree,yogurt
notebook,emerald,mountain,nebula,ocean,parrot,dog,mango,house,almond,queen,ant,illusion,utopia,labyrinth,labyrinth,ocean,ant,quilt,twilight,almond,Procedural Generation,ice,queen,pencil,Language Apps,unicorn,voyage,guitar,cloud
quilt,jasmine,koala,unicorn,onyx,mango,xenon,twilight,sapphire,rocket,cloud,yacht,cactus,engine,sun,zenith,parrot,guitar,dog,whale,quilt,Emergency Response,Cloud AI,emerald,globe,island,Predictive Analytics,kangaroo,voyage,kangaroo
globe,emerald,rainbow,zenith,ice,unicorn,feather,island,unicorn,cherry,zeppelin,symphony,jungle,symphony,dog,cloud,yogurt,tree,mango,apple,emerald,kite,notebook,apple,xylophone,mango,Military AI,bridge,mango,bridge
xenon,quilt,flower,ocean,jigsaw,dolphin,meadow,quasar,telescope,harbor,sapphire,yogurt,umbrella,jigsaw,notebook,meadow,meadow,notebook,zebra,lemon,cloud,volcano,umbrella,x-ray,nebula,harbor,sun,volcano,ice,waterfall
zeppelin,emerald,quilt,cloud,x-ray,ocean,rocket,pencil,mango,guitar,volcano,globe,lemon,koala,mango,emerald,xylophone,banana,x-ray,koala,volcano,mango,jigsaw,zeppelin,rainbow,labyrinth,globe,almond,xylophone,yogurt
labyrinth,rocket,apple,horizon,nebula,whale,ocean,ocean,globe,kangaroo,telescope,parrot,almond,horizon,kite,onyx,flower,symphony,illusion,bubble,zebra,dolphin,mango,ice,violin,globe,almond,violin,tree,ant
puzzle,rainbow,kangaroo,whale,xenon,engine,volcano,koala,galaxy,violin,notebook,globe,xylophone,rainbow,parrot,waterfall,feather,dog,zenith,banana,apple,globe,koala,telescope,flower,banana,telescope,quilt,telescope,onyx
labyrinth,island,nectar,yogurt,puzzle,illusion,emerald,illusion,yacht,quilt,bubble,yacht,utopia,sun,violin,nectar,galaxy,onyx,waterfall,orchestra,sapphire,labyrinth,parrot,twilight,globe,ice,labyrinth,pencil,horizon,ant
